term,estimate,std.error,statistic,p.value,conf.low,conf.high,b,df,dfcom,fmi,lambda,m,riv,ubar,Target,Site.Code,Source
(Intercept),0.08186899515378487,0.04600466090669318,1.7795804498990193,0.0879312319826971,-0.013127025355290395,0.17686501566286014,0.0017873111222803046,23.777374248631293,13096,0.8951795236783698,0.8867185402610153,20,7.827569862748333,2.3975214674550364e-4,OtherHerb.PRM,1080025,Discharge
Discharge_cumecs,-9.0308441540766e-6,1.0786011343195173e-5,-0.8372737490002828,0.4132365027531417,-3.1664285431646364e-5,1.3602597123493161e-5,1.0867761016050676e-10,18.30607655692676,13096,0.9826579172996296,0.9808613759206254,20,51.25036010178405,2.2265500270028313e-12,OtherHerb.PRM,1080025,Discharge
Rel.Month2,-0.0560497693245119,0.03568576649863543,-1.5706477630697706,0.1418207976624225,-0.13365949009629174,0.021559951447267925,0.001209702031105694,12.202528207666264,13096,0.9977585748916487,0.9974190300600685,20,386.4512385938744,3.2867979341523896e-6,OtherHerb.PRM,1080025,Discharge
Rel.Month3,-0.057491312603062734,0.04125321694984364,-1.393620106595848,0.19130456928747633,-0.14843605251120326,0.03345342730507778,0.001617669367507304,10.856133101895878,13096,0.9983533308842798,0.9980755558118226,20,518.6305541846298,3.2750728281966848e-6,OtherHerb.PRM,1080025,Discharge
Rel.Month4,-0.04772276948430858,0.03963277678098283,-1.2041237924870207,0.2533130036231743,-0.13473868012785228,0.03929314115923513,0.0014928421114479816,11.227581896994101,13096,0.9982093237346494,0.9979164324204983,20,478.9460357504487,3.2727783508309625e-6,OtherHerb.PRM,1080025,Discharge
Rel.Month5,-0.05499575574399494,0.037577730497130535,-1.463519883091249,0.16964607029258968,-0.13709631873817346,0.027104807250183563,0.0013417323770490847,11.70966083757624,13096,0.998001071793486,0.9976865192287779,20,431.2491081141674,3.2668334134353107e-6,OtherHerb.PRM,1080025,Discharge
Rel.Month6,-0.05503875893993532,0.04111056625912517,-1.3387983661674463,0.20794851736601921,-0.14564898548428157,0.03557146760441095,0.0016064883102571439,10.875556981786618,13096,0.9983461206184872,0.9980675855764594,20,516.4873400953705,3.265932375919471e-6,OtherHerb.PRM,1080025,Discharge
Sampling.Year2022-2023,-0.014232230044893825,0.028529738800932004,-0.4988559532283166,0.6188847927633141,-0.07077639643135318,0.04231193634156553,3.2111976424026306e-4,109.14591072573977,13096,0.42469455149391355,0.4142483089649725,20,0.707208046182492,4.767702435971288e-4,OtherHerb.PRM,1080025,Discharge
Sampling.Year2023-2024,-0.01865738855005927,0.02921348195734109,-0.6386567878934689,0.5245623552167635,-0.07664342848504603,0.0393286513849275,3.5865448838719226e-4,96.29452771808472,13096,0.45251853724482016,0.44126443127204573,20,0.789755397668079,4.7684031526534147e-4,OtherHerb.PRM,1080025,Discharge
(Intercept),5.700000000000004e-10,1.2831001320947373e-25,4442365687153671,0,5.700000000000002e-10,5.700000000000006e-10,0,83.0598713689776,85,0.023239635014385453,0,20,0,1.6463459489815323e-50,Fungicide.PRM,1080025,Discharge
Discharge_cumecs,-1.1570189484855657e-28,1.8932556305867357e-29,-6.111266380478139,3.070570922031282e-8,-1.533575864606607e-28,-7.804620323645244e-29,0,83.0598713689776,85,0.023239635014385453,0,20,0,3.584416882748378e-58,Fungicide.PRM,1080025,Discharge
Rel.Month2,-1.4300308726585143e-25,4.329727890109419e-26,-3.3028192739899302,0.0014131719545289576,-2.2911871558370277e-25,-5.68874589480001e-26,0,83.0598713689776,85,0.023239635014385453,0,20,0,1.874654360239136e-51,Fungicide.PRM,1080025,Discharge
Rel.Month3,-1.9974012315057526e-25,4.4890774237304183e-26,-4.449469329593149,2.6520408901299688e-5,-2.8902511581607433e-25,-1.1045513048507618e-25,0,83.0598713689776,85,0.023239635014385453,0,20,0,2.015181611624613e-51,Fungicide.PRM,1080025,Discharge
Rel.Month4,-1.3417762462482424e-25,4.26999201271186e-26,-3.142339007318386,0.0023235116359371297,-2.1910514303235997e-25,-4.9250106217288525e-26,0,83.0598713689776,85,0.023239635014385453,0,20,0,1.8232831788623083e-51,Fungicide.PRM,1080025,Discharge
Rel.Month5,-1.3492975807392823e-25,4.268680371204812e-26,-3.160924368667243,0.0021952870217298967,-2.198311887375285e-25,-5.002832741032794e-26,0,83.0598713689776,85,0.023239635014385453,0,20,0,1.822163211150925e-51,Fungicide.PRM,1080025,Discharge
Rel.Month6,-1.5811991179326062e-25,5.696618169907706e-26,-2.7756803611751004,0.006804523057644538,-2.714221482014921e-25,-4.481767538502917e-26,0,83.0598713689776,85,0.023239635014385453,0,20,0,3.245145857372263e-51,Fungicide.PRM,1080025,Discharge
Sampling.Year2022-2023,-5.700000000000002e-10,1.7561355264308866e-25,-3245763162473285,0,-5.700000000000005e-10,-5.699999999999999e-10,0,83.0598713689776,85,0.023239635014385453,0,20,0,3.0840119871926874e-50,Fungicide.PRM,1080025,Discharge
Sampling.Year2023-2024,-5.700000000000001e-10,1.7673613551117867e-25,-3225146902479076,0,-5.700000000000004e-10,-5.699999999999998e-10,0,83.0598713689776,85,0.023239635014385453,0,20,0,3.123566159542571e-50,Fungicide.PRM,1080025,Discharge
(Intercept),2.4748634893666215,0.7667395451702973,3.227775983325524,0.0029169801567228287,0.9119082190228966,4.037818759710346,0.433170244862836,31.40670013343758,13096,0.7868201734852025,0.7736636456291103,20,3.418203177211796,0.13306077302197653,Insecticide.PRM,1080025,Discharge
Discharge_cumecs,-3.8030398749089593e-4,1.5861291007995913e-4,-2.3976862116657403,0.0244186501561405,-7.072318047889676e-4,-5.3376170192824296e-5,2.0894833114955198e-8,24.61625129744867,13096,0.8813344486997835,0.8720695839916491,20,6.816749379871657,3.218480473330241e-9,Insecticide.PRM,1080025,Discharge
Rel.Month2,-2.1795957960511685,0.713257622206498,-3.055832462481761,0.007257190475493759,-3.6864031298428914,-0.6727884622594453,0.4799860625383648,16.713804896899788,13096,0.9916084925122063,0.9906610385307908,20,106.07828737670867,0.0047510699703843615,Insecticide.PRM,1080025,Discharge
Rel.Month3,-2.270239983050954,0.5851643088403803,-3.879662427720322,0.0011347005271080824,-3.5014586070405826,-1.0390213590613253,0.32160299716533525,17.6335152734273,13096,0.9875145185261149,0.9861744083761326,20,71.32963530281593,0.004734121317037928,Insecticide.PRM,1080025,Discharge
Rel.Month4,-2.2339749082281246,0.7452772129949472,-2.9975086709692147,0.008314469920441487,-3.8102131960737715,-0.6577366203824779,0.5244831614876123,16.472984094593816,13096,0.9923575272009706,0.9914827512888934,20,116.4088058149559,0.004730804647522975,Insecticide.PRM,1080025,Discharge
Rel.Month5,-2.123072370505264,0.8453891712231522,-2.511355057261373,0.023335326497153263,-3.917542916682976,-0.3286018243275517,0.676152990083127,15.748849397895262,13096,0.9940974128793302,0.9933925779404703,20,150.34495586788304,0.004722211234084684,Insecticide.PRM,1080025,Discharge
Rel.Month6,-2.169940259400213,0.9052754869517226,-2.3969943853300575,0.029698649478032402,-4.096010884238424,-0.24386963456200084,0.7760026652307599,15.317569123808175,13096,0.9948684128403275,0.9942394481801214,20,172.59448040189298,0.0047209087833805456,Insecticide.PRM,1080025,Discharge
Sampling.Year2022-2023,0.13995684613143963,0.5774109709814119,0.2423868841521287,0.808604611313446,-0.9951821169201983,1.2750958091830775,0.06784186232929594,400.04551236509707,13096,0.21755894309336796,0.21365693679840994,20,0.27170957155583886,0.26216947396393614,Insecticide.PRM,1080025,Discharge
Sampling.Year2023-2024,-0.25790971334168894,0.5744586587100058,-0.44896131241340576,0.6536845449149079,-1.3869891397443146,0.8711697130609366,0.06450665517213279,432.28971848853024,13096,0.2088983434804367,0.20524673753290024,20,0.2582521484665145,0.26227076263615945,Insecticide.PRM,1080025,Discharge
(Intercept),0.699572295576985,0.36584577527818835,1.9122054779641275,0.06968908922288485,-0.06158149002661073,1.4607260811805807,0.12001775099140072,20.84891627963795,13096,0.946442369409688,0.9415398259695609,20,16.105662386145447,0.007824492747927934,PSII.PRM,1080025,Discharge
Discharge_cumecs,-1.144472204628973e-4,6.114992822161235e-5,-1.8715838888335437,0.07555564418150237,-2.4177782881847212e-4,1.288338789267751e-5,3.3718011888802667e-9,20.569196264886653,13096,0.9513165736548616,0.946802411351615,20,17.797844515276907,1.9892247318406226e-10,PSII.PRM,1080025,Discharge
Rel.Month2,-0.7043006669779345,0.34339076316439404,-2.0510180893851224,0.06267679167554986,-1.4521903120300828,0.0435889780742138,0.11202244763611574,12.04276350366412,13096,0.9978408183934887,0.9975097257372575,20,400.56219536184676,2.936462087034115e-4,PSII.PRM,1080025,Discharge
Rel.Month3,-0.7140306446717233,0.33546639989117594,-2.128471420396654,0.05427646131548862,-1.4433940218461587,0.015332732502712276,0.10690010169651556,12.235171082537082,13096,0.997741310554,0.997399994309289,20,383.6145427960684,2.9259867460502265e-4,PSII.PRM,1080025,Discharge
Rel.Month4,-0.7036446645991495,0.3381056822577316,-2.0811382402700187,0.059198893801181186,-1.4392245138445292,0.03193518464623013,0.10859338923003697,12.162350256651958,13096,0.9977796064062452,0.9974422208253331,20,389.96416528225825,2.923936834273177e-4,PSII.PRM,1080025,Discharge
Rel.Month5,-0.7043142952796333,0.34223475106000023,-2.057985909081903,0.06190381106547525,-1.4496662185278724,0.04103762796860588,0.1112692974067032,12.045686114936059,13096,0.9978393466439626,0.9975081025320007,20,400.3006204476385,2.918625560619653e-4,PSII.PRM,1080025,Discharge
Rel.Month6,-0.7171655507440934,0.34657271612330914,-2.06930758648909,0.060894634074336894,-1.4727663735170962,0.038435272028909395,0.11411511000450161,11.931125405521536,13096,0.9978961555764927,0.9975707632602743,20,410.6519331553087,2.9178205636112375e-4,PSII.PRM,1080025,Discharge
Sampling.Year2022-2023,0.07832348986753841,0.15182875102155455,0.515867313275989,0.6066201032748355,-0.22139780093301092,0.3780447806680877,0.007283092591050284,169.306623333811,13096,0.3394960720045467,0.33173942795787537,20,0.49642226675759005,0.0154047224161624,PSII.PRM,1080025,Discharge
Sampling.Year2023-2024,0.043527309867232314,0.16090063193983453,0.27052292674343537,0.7872459018821406,-0.2752069133020525,0.3622615330365171,0.009979076820148834,114.2904810683585,13096,0.41487922659030224,0.40472885219707255,20,0.6799067176208303,0.015410982697481824,PSII.PRM,1080025,Discharge
(Intercept),3.0510314459139205,0.9922068220828855,3.0749954324130298,0.005488317310064725,0.9947487147245275,5.107314177103314,0.8574343987344158,22.26674511044995,13096,0.9212718112640518,0.9145043680000958,20,10.696503980473773,0.08416825911668196,Total.PRM,1080025,Discharge
Discharge_cumecs,-5.045454612450447e-4,3.1874573138145925e-4,-1.5829089194648052,0.12936501902689265,-0.0011700880377987838,1.609971153086943e-4,9.311216844432392e-8,19.699576616696657,13096,0.9656145744024504,0.9622922431070543,20,25.51974241902149,3.831064407361243e-9,Total.PRM,1080025,Discharge
Rel.Month2,-2.8726395082928584,0.9776324304170619,-2.9383635596738324,0.009947093399591468,-4.951661606579375,-0.793617410006342,0.9048664879220584,15.404195985985691,13096,0.9947259177106188,0.9940829014611315,20,168.0017486494717,0.005655356685010012,Total.PRM,1080025,Discharge
Rel.Month3,-2.9175338512842965,0.9228107237428573,-3.161573415023807,0.00614055693185438,-4.876296969937557,-0.9587707326310364,0.8056613806817879,15.753399312387407,13096,0.99408839195895,0.9933826715339997,20,150.11838639082043,0.005635182138938884,Total.PRM,1080025,Discharge
Rel.Month4,-2.7302907977547703,0.9117214783919991,-2.9946544668117037,0.008656394036122285,-4.664799981218943,-0.795781614290598,0.7862903047280425,15.824257674401814,13096,0.9939452353087155,0.9932254692651299,20,146.6117002248959,0.005631234196847885,Total.PRM,1080025,Discharge
Rel.Month5,-2.724071682926798,0.8476861617073657,-3.2135379884462356,0.005338627968211537,-4.518925565078859,-0.9292178007747374,0.6790007843612313,16.240517003068877,13096,0.992990656468703,0.9921775319516076,20,126.83689160680089,0.0056210051708730545,Total.PRM,1080025,Discharge
Rel.Month6,-2.8415592788314097,0.9932272165509848,-2.8609357773126884,0.011728774500495899,-4.955187097592131,-0.7279314600706881,0.9341722370258646,15.28102365425062,13096,0.9949268446987922,0.9943036461322962,20,174.5508915395224,0.005619454820458843,Total.PRM,1080025,Discharge
Sampling.Year2022-2023,0.17004231634116984,0.5340988373200939,0.31837237690757375,0.7508466531364231,-0.8892073414454748,1.2292919741278143,0.11583745971568947,103.0770966856231,13096,0.4371934513023324,0.426378265894198,20,0.7433091191338201,0.16363223532520213,Total.PRM,1080025,Discharge
Sampling.Year2023-2024,-0.16851966011852962,0.576611584028923,-0.29225854073385493,0.7709186460054396,-1.3177205326040948,0.9806812123670355,0.1606934440324351,72.9410659662811,13096,0.5204531596490578,0.507482104009432,20,1.0303830746876057,0.16375280260228683,Total.PRM,1080025,Discharge
(Intercept),2.4530430456854617,0.5720328420758939,4.288290575735871,1.0824650881828756e-4,1.297442816661132,3.6086432747097916,0.2121839883143409,40.587732817031295,13096,0.6955068001494803,0.6808633858912343,20,2.1334543132653137,0.10442838468336663,OtherHerb.PRM,113006A,Discharge
Discharge_cumecs,-1.950273563492726e-4,4.6147394970887486e-4,-0.4226183438356757,0.6775209626360679,-0.0011637318501075795,7.736771374090342e-4,1.99109643865428e-7,18.214115398862017,13096,0.9834425124044591,0.9817190411697103,20,53.70172594793568,3.893080201209734e-9,OtherHerb.PRM,113006A,Discharge
Rel.Month2,-1.9095361288152,0.4336427196989104,-4.403477891064426,5.947348033269825e-4,-2.8392238400693524,-0.9798484175610478,0.17836804663271544,14.061814229401703,13096,0.9964342598433077,0.9959607790125945,20,246.57249061589852,7.59559383516546e-4,OtherHerb.PRM,113006A,Discharge
Rel.Month3,-2.217182268976314,0.4247660270889505,-5.219773069356162,1.1644950767679693e-4,-3.125414927222653,-1.3089496107299747,0.17105905486203563,14.475550164170507,13096,0.9960039503601648,0.995487516424383,20,220.6074547957244,8.141701637936601e-4,OtherHerb.PRM,113006A,Discharge
Rel.Month4,-2.2670839569603394,0.4544550078041142,-4.988577346555571,2.0647037063403618e-4,-3.2429824728503593,-1.2911854410703192,0.19594815614695035,13.82043157583861,13096,0.9966561888765324,0.9962049454554005,20,262.50082409830605,7.837901639396247e-4,OtherHerb.PRM,113006A,Discharge
Rel.Month5,-2.479206200797734,0.4624057354745944,-5.361538602571998,1.1159951207950945e-4,-3.473906259376064,-1.484506142219404,0.20291119751371117,13.572537969855475,13096,0.9968650577269088,0.9964348042899884,20,279.4895106296341,7.623068104038051e-4,OtherHerb.PRM,113006A,Discharge
Rel.Month6,-2.4567806715435703,0.5147345058236882,-4.772908448428539,3.9957370425302305e-4,-3.572692933034994,-1.3408684100521462,0.25162712883091104,12.568221696225274,13096,0.9975555568623263,0.9971952379948428,20,355.5364897846234,7.431262130998384e-4,OtherHerb.PRM,113006A,Discharge
Sampling.Year2022-2023,0.5479967657547348,0.5447350827044601,1.0059876500593303,0.3155875788081752,-0.5258978690000083,1.6218914005094778,0.08433790295708335,208.49723554463898,13096,0.3050635873887181,0.29842926201631287,20,0.42537301780002673,0.20818151222409753,OtherHerb.PRM,113006A,Discharge
Sampling.Year2023-2024,-0.08273273505317491,0.5263246120528289,-0.15718956164807046,0.8752015718845778,-1.1185035627419944,0.9530380926356444,0.06549597534836246,298.92840995476263,13096,0.2532338012000203,0.24825417156831844,20,0.3302368462572449,0.20824682313678028,OtherHerb.PRM,113006A,Discharge
(Intercept),8.283449043201887e-10,3.027795414736003e-10,2.735802096431978,0.007023063003425027,2.2977148588652412e-10,1.4269183227538532e-9,0,141.02698131313196,143,0.013886287012096434,0,20,0,9.167545073496365e-20,Fungicide.PRM,113006A,Discharge
Discharge_cumecs,-3.859420196440843e-14,4.950879374882144e-13,-0.0779542360902848,0.93797495056632,-1.0173475144415388e-12,9.401591105127218e-13,0,141.02698131313196,143,0.013886287012096434,0,20,0,2.451120658463341e-25,Fungicide.PRM,113006A,Discharge
Rel.Month2,-3.733710008716886e-10,2.1405640599939447e-10,-1.744264550871441,0.08329171808641117,-7.965451494719949e-10,4.980314772861771e-11,0,141.02698131313196,143,0.013886287012096434,0,20,0,4.58201449493776e-20,Fungicide.PRM,113006A,Discharge
Rel.Month3,-3.535641991969554e-10,2.2896595033896653e-10,-1.5441780695930147,0.12478621794822171,-8.062134466734653e-10,9.908504827955448e-11,0,141.02698131313196,143,0.013886287012096434,0,20,0,5.2425406414626086e-20,Fungicide.PRM,113006A,Discharge
Rel.Month4,-3.717756551853868e-10,2.2892222292201932e-10,-1.6240260575838872,0.10660328792744399,-8.24338456697569e-10,8.078714632679541e-11,0,141.02698131313196,143,0.013886287012096434,0,20,0,5.240538414755871e-20,Fungicide.PRM,113006A,Discharge
Rel.Month5,-4.0513858015981434e-10,2.7167560291337735e-10,-1.4912586033313824,0.13812704025168332,-9.422217448592561e-10,1.3194458453962742e-10,0,141.02698131313196,143,0.013886287012096434,0,20,0,7.380763321834709e-20,Fungicide.PRM,113006A,Discharge
Rel.Month6,-4.640859895042614e-10,3.5055910772729205e-10,-1.3238451926494645,0.18769630969232373,-1.1571161805605362e-9,2.2894420155201337e-10,0,141.02698131313196,143,0.013886287012096434,0,20,0,1.2289168801055515e-19,Fungicide.PRM,113006A,Discharge
Sampling.Year2022-2023,-3.0359206595394307e-10,3.708866261516222e-10,-0.818557598326103,0.4144198692101063,-1.036808301722177e-9,4.2962416981429085e-10,0,141.02698131313196,143,0.013886287012096434,0,20,0,1.3755688945813316e-19,Fungicide.PRM,113006A,Discharge
Sampling.Year2023-2024,-5.24666703957849e-10,3.79773628867619e-10,-1.3815248455303795,0.16930244608429046,-1.2754519061412306e-9,2.2611849822553254e-10,0,141.02698131313196,143,0.013886287012096434,0,20,0,1.4422800918328002e-19,Fungicide.PRM,113006A,Discharge
(Intercept),14.023488710062733,3.43197516683121,4.086127675280008,5.784267694157986e-4,6.863028430653004,21.183948989472462,10.749550098946978,19.935484361613263,13096,0.9619157942970822,0.9582775497697429,20,22.967911627462417,0.49142594185178695,Insecticide.PRM,113006A,Discharge
Discharge_cumecs,0.004794733295667945,0.003395628844107833,1.4120310304195547,0.17509379035886652,-0.002342204317757191,0.01193167090909308,1.080945187057861e-5,17.895537933765194,13096,0.9858540712498569,0.9843567940831809,20,62.92551535263172,1.803707828295578e-7,Insecticide.PRM,113006A,Discharge
Rel.Month2,-9.01725868213224,3.608073438220144,-2.4991893420496556,0.02738846179315544,-16.85006254068011,-1.184454823584371,12.364764471767504,12.407092255899347,13096,0.9976476726909299,0.9972967647887283,20,368.9271139375134,0.035191240233849716,Insecticide.PRM,113006A,Discharge
Rel.Month3,-11.94228515956442,3.1881055598453636,-3.7458876236656575,0.002238971947655242,-18.792606632267734,-5.091963686861108,9.64409108726884,13.732541734394202,13096,0.9967323284242284,0.9962887292633119,20,268.44948804581725,0.0377214190846361,Insecticide.PRM,113006A,Discharge
Rel.Month4,-12.296550891631691,3.254370377938086,-3.778473088063989,0.002182981265874154,-19.305158058198067,-5.287943725065315,10.052012073587267,13.41475204406991,13096,0.9969889945501809,0.9965712273294041,20,290.6495481242197,0.03631387953424835,Insecticide.PRM,113006A,Discharge
Rel.Month5,-11.72191317619383,3.2169669168603456,-3.6437779682341382,0.0028397944480401806,-18.650936272898683,-4.792890079488979,9.822435821488957,13.395705031299487,13096,0.9970035137253008,0.996587210908845,20,292.0154701301977,0.03531853161055137,Insecticide.PRM,113006A,Discharge
Rel.Month6,-10.951033933319717,3.710157473048271,-2.9516358841562407,0.012047941050493255,-19.030136034267656,-2.8719318323717804,13.076989144613139,12.06241400642056,13096,0.9978308998813707,0.9974987866720416,20,398.805961699503,0.03442987297213443,Insecticide.PRM,113006A,Discharge
Sampling.Year2022-2023,0.7294060141818869,1.3940136460783024,0.5232416599607059,0.6024097921368952,-2.049421121057569,3.5082331494213426,0.9444834136935815,72.13413115245048,13096,0.5233628227442574,0.5103282198920768,20,1.0421842561145773,0.951566461074262,Insecticide.PRM,113006A,Discharge
Sampling.Year2023-2024,0.30521901210419167,1.4927317026681644,0.2044701077619185,0.8387074702591836,-2.6832979635401246,3.2937359877485077,1.2130052829150897,57.556917161795866,13096,0.5857439107273964,0.571595075394143,20,1.3342402072525767,0.9545923890897529,Insecticide.PRM,113006A,Discharge
(Intercept),2.0315618878116846,2.326925854122104,0.8730668767175422,0.3840670154380025,-2.567428394600565,6.630552170223934,1.8484353717803501,145.3175748027801,13096,0.36710094587193354,0.35844991328092535,20,0.5587247522856079,3.4737267902125155,PSII.PRM,113006A,Discharge
Discharge_cumecs,-9.946877690778341e-4,0.0012974277988275066,-0.7666613664180307,0.45257528310241923,-0.003707694918113698,0.0017183193799580297,1.5536470549269677e-6,19.26653825939687,13096,0.9718890196661951,0.9691148921882801,20,31.378064084999956,5.1989485497072486e-8,PSII.PRM,113006A,Discharge
Rel.Month2,1.0527658443204138,1.9411174112316845,0.5423504205510212,0.5971981858708557,-3.1618900265114025,5.26742171515223,3.578850853340992,12.388840204236068,13096,0.9976578356825979,0.9973079675414185,20,370.4665463309181,0.0101434081787547,PSII.PRM,113006A,Discharge
Rel.Month3,-0.7941654038582835,1.3784600446561794,-0.5761250802567637,0.5729110291739404,-3.7273439456924944,2.139013137975927,1.7993137105184165,15.295704706446084,13096,0.9949034887018043,0.9942779850626545,20,173.76361228513855,0.010872698669178862,PSII.PRM,113006A,Discharge
Rel.Month4,-1.6190173847535674,1.4309156152410434,-1.1314555292492474,0.2757249677371743,-4.670407202985823,1.4323724334786883,1.9400500036910355,14.917744028889626,13096,0.995458575271718,0.9948879636674555,20,194.61676305658574,0.010466994065065736,PSII.PRM,113006A,Discharge
Rel.Month5,-1.4502994208513977,1.7518964224823916,-0.8278454149682898,0.42238737618929356,-5.2269777494048295,2.3263789077020336,2.913296168454341,13.278866679874604,13096,0.9970905915937333,0.9966830790829025,20,300.4844263682574,0.010180098229544056,PSII.PRM,113006A,Discharge
Rel.Month6,-2.115761095252554,1.4019735795323733,-1.5091305044124037,0.15221147788247497,-5.106187610760552,0.8746654202554445,1.8624818700395864,14.87488871448815,13096,0.9955159294809615,0.9949510032506508,20,197.05914910301883,0.00992395416525021,PSII.PRM,113006A,Discharge
Sampling.Year2022-2023,2.7355657242644993,2.897867202804424,0.9439927825599266,0.34555669297752434,-2.9557327761312715,8.426864224660271,1.38971271688651,594.6829093377829,13096,0.17652782653987728,0.17376302613834965,20,0.21030652419997548,6.938435972358701,PSII.PRM,113006A,Discharge
Sampling.Year2023-2024,-0.0866661036867477,2.67375484940557,-0.03241363122951056,0.9741429938354415,-5.32791559435145,5.154583386977955,0.19967317976192775,8068.1033459896835,13096,0.029567410496451525,0.02932688003156763,20,0.030212931035446186,6.939308155969778,PSII.PRM,113006A,Discharge
(Intercept),17.982096475783898,5.0543144920329715,3.5577715838871455,0.0010689909814410642,7.732223322895971,28.231969628671827,17.56863244935916,36.07620142713297,13096,0.7363319920772764,0.7221089596320073,20,2.5985327151093682,7.099030912547395,Total.PRM,113006A,Discharge
Discharge_cumecs,0.006835906048713123,0.005510484710592852,1.240527178230329,0.23266784526027495,-0.004846006562171077,0.018517818659597323,2.87117993059525e-5,15.996514475163204,13096,0.9935750853695383,0.9928190580511314,20,138.2574967351667,2.1805247442746402e-7,Total.PRM,113006A,Discharge
Rel.Month2,-10.899271151058896,4.315417415115659,-2.5256586101918903,0.027140404522463805,-20.33299496196413,-1.4655473401536625,17.69550889551668,11.65202931637477,13096,0.9980273674598351,0.997715538820992,20,436.7399840229259,0.04254312639100425,Total.PRM,113006A,Discharge
Rel.Month3,-18.80480628255001,3.8518713621090437,-4.881992287575688,3.021695740513056e-4,-27.128834611895016,-10.480777953205008,14.086962951694613,12.960692954020642,13096,0.9973115959896917,0.996926456939766,20,324.3574068761767,0.045601890956434736,Total.PRM,113006A,Discharge
Rel.Month4,-18.848170666230573,3.628063576841339,-5.195104845059013,1.6021336867711188e-4,-26.66810671939224,-11.028234613068902,12.494233351095552,13.30145458300857,13096,0.9970740186550315,0.996664832116979,20,298.8349813485811,0.04390029895244264,Total.PRM,113006A,Discharge
Rel.Month5,-18.97379921372776,4.047448419452988,-4.687842128521075,4.974688424153839e-4,-27.77282374713478,-10.174774680320738,15.561087331065576,12.246005138744954,13096,0.9977355450757854,0.9973936374741356,20,382.67648018127454,0.042697010513630146,Total.PRM,113006A,Discharge
Rel.Month6,-19.33963935778757,4.311293394376856,-4.485809150222047,8.161853234666503e-4,-28.772891998505795,-9.906386717069342,17.662502887927307,11.560600914329227,13096,0.9980682709513594,0.9977606855003421,20,445.5652324194777,0.04162270007383314,Total.PRM,113006A,Discharge
Sampling.Year2022-2023,5.208394916806184,4.230403995168733,1.2311814480967658,0.21894667814366436,-3.1071011295364768,13.523890963148844,3.5581690212719375,418.35831199981976,13096,0.21251800661497838,0.20876235436795504,20,0.2638427980776806,14.160240490004046,Total.PRM,113006A,Discharge
Sampling.Year2023-2024,2.627301589868601,4.287124094615193,0.612835442101758,0.5403846350054881,-5.804573931418329,11.059177111155531,4.0147946959545475,348.690298438919,13096,0.23374398954816872,0.22936150588263646,20,0.2976252907601396,14.163898571877864,Total.PRM,113006A,Discharge
(Intercept),13.930432898235987,4.647598689005533,2.9973398803106948,0.004701815859047879,4.532160512251826,23.32870528422015,14.231730287063852,39.311793329340496,13097,0.7063820123051181,0.6918146629790253,20,2.2448007087759043,6.656856772628905,OtherHerb.PRM,119101A,Discharge
Discharge_cumecs,4.579876499174593e-4,0.006881702013447629,0.06655150848184058,0.9475837523227675,-0.013874875171033642,0.014790850470868562,4.2767154165239174e-5,20.493217613601537,13097,0.9526257108913914,0.9482174096346611,20,18.311509774709094,2.4523107283880162e-6,OtherHerb.PRM,119101A,Discharge
Rel.Month2,1.8147603353463857,4.127773819800351,0.4396462632330375,0.667402863400272,-7.101409754940499,10.73093042563327,16.176590077351555,13.019292518434385,13097,0.9972727685431163,0.9968837001998602,20,319.89338771422393,0.05309712621003914,OtherHerb.PRM,119101A,Discharge
Rel.Month3,-7.865718479726294,3.976710843019169,-1.977945792446539,0.06887005452726573,-16.43075444718444,0.699317487731852,15.00969382713562,13.402051541964122,13097,0.9969989117584881,0.996582153321988,20,291.58187806763715,0.054050610493826964,OtherHerb.PRM,119101A,Discharge
Rel.Month4,-7.723545192179374,4.727150997683655,-1.6338689405022135,0.1282141168573478,-18.022417358642283,2.5753269742835343,21.229285345867343,12.007411819334635,13097,0.9978586885975744,0.9975294437897422,20,403.76715156204943,0.0552069417408641,OtherHerb.PRM,119101A,Discharge
Rel.Month5,-9.548756565531475,3.974104372363312,-2.4027442842053595,0.031490453251891384,-18.11231298121077,-0.9852001498521776,14.990841048026455,13.336583865817964,13097,0.9970482192928067,0.9966364362997562,20,296.3037198396203,0.053122462009412307,OtherHerb.PRM,119101A,Discharge
Rel.Month6,-6.040719913551327,4.224763727353864,-1.4298361525970753,0.17680824528391387,-15.185969342211454,3.1045295151088004,16.94896821350228,12.750310588040959,13097,0.9974461918836817,0.9970747372754433,20,340.8496368224626,0.052211927787521636,OtherHerb.PRM,119101A,Discharge
Sampling.Year2022-2023,-2.518491793400512,4.435878393704023,-0.5677549224467208,0.5709262042037937,-11.272956264619024,6.235972677817999,6.101073798584623,175.69293886125112,13097,0.33311250078568855,0.32556395353176587,20,0.48272027457105954,13.270889635216328,OtherHerb.PRM,119101A,Discharge
Sampling.Year2023-2024,0.27105213471563566,4.510283938393029,0.06009646807562384,0.9521565428788488,-8.63879925849152,9.18090352792279,6.735663328754722,154.35146159677765,13097,0.3559571758001563,0.3476657465779261,20,0.5329564479469072,13.270214709733676,OtherHerb.PRM,119101A,Discharge
(Intercept),1.2681339020719946e-4,1.2947684825918732e-4,0.9794290787287613,0.3453992633122773,-1.5315626164215518e-4,4.0678304205655407e-4,1.5917745735532305e-8,12.885925011786115,13097,0.9973605671647197,0.9969804077107344,20,330.1705370141864,5.062121282369538e-11,Fungicide.PRM,119101A,Discharge
Discharge_cumecs,-9.302021657826277e-9,6.027153608399774e-8,-0.15433523454359063,0.8774669267010577,-1.2799275750751815e-7,1.0938871419186558e-7,9.29479113413783e-16,256.1938037130075,13097,0.2743040520395324,0.2686608682809513,20,0.36735470129904124,2.65670499284017e-15,Fungicide.PRM,119101A,Discharge
Rel.Month2,5.561810415229032e-7,7.971391703276272e-6,0.06977213794353007,0.944382791611439,-1.5077996197569338e-5,1.6190358280615146e-5,5.733752705609678e-12,1795.9159771211546,13097,0.0957522418050002,0.09474579768662389,20,0.10466209098450038,5.752264534617162e-11,Fungicide.PRM,119101A,Discharge
Rel.Month3,-7.197311007441849e-7,8.945877116116298e-6,-0.0804539444709748,0.9359388794429804,-1.8336341203367337e-5,1.6896879001878966e-5,2.0450587714529445e-11,256.83529226323765,13097,0.2739495400682931,0.2683176465167273,20,0.36671329469593583,5.855560027639733e-11,Fungicide.PRM,119101A,Discharge
Rel.Month4,-1.3776751883145067e-6,8.24822081053307e-6,-0.167026952837538,0.8673777508080945,-1.7560659377992922e-5,1.480530900136391e-5,7.83317862636523e-12,1168.0832780843755,13097,0.12239591781211484,0.12089456354824084,20,0.13751998171709057,5.980830898162732e-11,Fungicide.PRM,119101A,Discharge
Rel.Month5,-2.2622831213657653e-6,9.460953148246756e-6,-0.23911788652975174,0.8113484927308326,-2.095992300202701e-5,1.643535675929548e-5,3.043765871350367e-11,146.44402764878237,13097,0.36565595542487933,0.35705141504856575,20,0.555334319734969,5.755009282414133e-11,Fungicide.PRM,119101A,Discharge
Rel.Month6,2.773374955206543e-6,9.829892764571788e-6,0.28213684743359024,0.7783738109349554,-1.670924583121849e-5,2.2255995741631577e-5,3.8155356211142415e-11,108.95371172797569,13097,0.4250747270852279,0.4146171397263377,20,0.7082837026224291,5.6563667741281254e-11,Fungicide.PRM,119101A,Discharge
Sampling.Year2022-2023,-2.400086263835631e-6,1.1054493871613394e-5,-0.2171140797317517,0.828833620719539,-2.4498503328632738e-5,1.9698330800961476e-5,6.41453239596754e-11,61.88755585807405,13097,0.5649930210449998,0.551158583594871,20,1.2279583912046779,5.4849244599878915e-11,Fungicide.PRM,119101A,Discharge
Sampling.Year2023-2024,-1.4642628489316213e-6,7.721989655236234e-6,-0.18962248258629996,0.8496255074331727,-1.660886759419038e-5,1.3680341896327136e-5,5.2486271900595884e-12,1873.662950898024,13097,0.09338948719279369,0.09242226211121525,20,0.10183398980919114,5.4118065686012836e-11,Fungicide.PRM,119101A,Discharge
(Intercept),7.424733649193193,4.487927976653952,1.654378966823087,0.10678926395401499,-1.6788201266261211,16.528287425012508,13.901628097428757,35.817119177263834,13097,0.7388922919153991,0.7247082539504816,20,2.632509925743011,5.544788021333047,Insecticide.PRM,119101A,Discharge
Discharge_cumecs,0.001925007499070729,0.0049654400225103874,0.38768115017881116,0.7019660349977238,-0.008370832817474682,0.012220847815616139,2.1562195646429655e-5,22.068466480448528,13097,0.9247835466377945,0.9182623976549652,20,11.234271269406099,2.0152891883968207e-6,Insecticide.PRM,119101A,Discharge
Rel.Month2,-4.135306796546274,3.699223094171348,-1.1178852129956796,0.28367475614355964,-12.119839323138187,3.8492257300456396,12.991063533475874,13.115579553737492,13097,0.9972070405433884,0.996811313333467,20,312.60873757071835,0.04363479030097132,Insecticide.PRM,119101A,Discharge
Rel.Month3,-4.108003617231092,3.761197249483622,-1.0922063759870833,0.2944946828181956,-12.230352497226537,4.014345262764352,13.430653708117958,13.050955430435698,13097,0.9972513766712743,0.996860140168912,20,317.4855547049979,0.04441835599930637,Insecticide.PRM,119101A,Discharge
Rel.Month4,-4.600017002708611,3.448016276072755,-1.334105362155648,0.203703540926359,-12.003185719318834,2.8031517139016113,11.279473924157854,13.842352463246574,13097,0.9966370768649453,0.996183924557266,20,261.04932659390613,0.04536861969688076,Insecticide.PRM,119101A,Discharge
Rel.Month5,8.294220271700608,6.03165116808664,1.3751160404608909,0.2038143984233649,-5.445134293727843,22.03357483712906,34.60681924040405,8.60993796573175,13097,0.9990067505736011,0.998800037600023,20,832.3594452786418,0.04365561105666312,Insecticide.PRM,119101A,Discharge
Rel.Month6,-3.634742030783159,3.753857750990192,-0.9682684512550821,0.35068561661673225,-11.749476492303186,4.4799924307368695,13.37956254599635,12.921394566964308,13097,0.9973375735438095,0.9969550793269574,20,327.41578069773726,0.04290734137297267,Insecticide.PRM,119101A,Discharge
Sampling.Year2022-2023,-2.8440779342858558,3.8615674545227594,-0.736508676277247,0.46204701072551924,-10.445960392134031,4.757804523562321,3.6736376259324115,275.8773536963815,13097,0.26399380383907955,0.2586773257209882,20,0.34894025867018036,11.054383698600352,Insecticide.PRM,119101A,Discharge
Sampling.Year2023-2024,-3.7394038329889456,3.7656909028580756,-0.9930193235325877,0.32133843739278445,-11.143829816209093,3.665022150231202,2.977713262463576,376.41786745513605,13097,0.22459591769354287,0.22048692260258507,20,0.2828521149878996,11.053829050281314,Insecticide.PRM,119101A,Discharge
(Intercept),50.01037330158708,3.5414429440978736,14.12146802617102,1.1845929266244565e-12,42.67449492825251,57.34625167492165,10.88093122605261,22.455317260392476,13097,0.9179472028457225,0.9109506829314228,20,10.2297323878396,1.1168403389453732,PSII.PRM,119101A,Discharge
Discharge_cumecs,-0.013586834999244174,0.008627068270392634,-1.5749075553132041,0.13118850488528172,-0.031599224424164636,0.004425554425676289,6.819023072144276e-5,19.715866071091703,13097,0.9653657127995032,0.9620219677606388,20,25.331011404102618,2.826564684500461e-6,PSII.PRM,119101A,Discharge
Rel.Month2,-27.478848139228994,4.925683993583932,-5.5786867722375675,1.1650428474706296e-4,-38.20110564549987,-16.756590632958115,23.048726074697136,12.100586115654357,13097,0.9978116424787348,0.9974775570413434,20,395.4410757310526,0.061200426216956004,PSII.PRM,119101A,Discharge
Rel.Month3,-39.810757326324655,4.6261930123159205,-8.605511534071288,1.1607147116133904e-6,-49.82669175115737,-29.794822901491937,20.323202250298362,12.72925207377918,13097,0.9974591715481246,0.9970890379912167,20,342.5290453749361,0.0622994243873683,PSII.PRM,119101A,Discharge
Rel.Month4,-47.85663890847761,3.6963987999275827,-12.946827844824316,2.134195434168375e-9,-55.75465177546151,-39.958626041493716,12.95212558242495,14.590042678898774,13097,0.9958723782742723,0.9953428580143547,20,213.72396656196304,0.06363222655987602,PSII.PRM,119101A,Discharge
Rel.Month5,-48.41061514299178,3.2806159383413727,-14.756562807979106,1.8901192629231972e-10,-55.39205011885133,-41.42918016713223,10.191629815539386,15.27714983927377,13097,0.9949333520007545,0.9943108046814418,20,174.77178212496878,0.0612296285830888,PSII.PRM,119101A,Discharge
Rel.Month6,-48.02121049838735,3.66568052583042,-13.100217042921017,2.052017490687749e-9,-55.86048813206023,-40.18193286471446,12.740031983094754,14.448313862193546,13097,0.9960347410495884,0.9955213828946747,20,222.28320918771095,0.06018013520289345,PSII.PRM,119101A,Discharge
Sampling.Year2022-2023,0.3196791687471804,3.212359415529969,0.09951538025343915,0.9213858825936796,-6.2386534668224485,6.8780118043168095,7.747554021546588,30.239759451263136,13097,0.8010618536017317,0.78832563860567,20,3.724237708397244,2.184321291920126,PSII.PRM,119101A,Discharge
Sampling.Year2023-2024,-1.7939960732533045,2.7772634655197805,-0.6459581870881479,0.5223358966224816,-7.423326992733694,3.8353348462270844,5.2663323740240084,36.60305639085233,13097,0.7312044337431827,0.7169079593575417,20,2.5324200487253807,2.1835433641857307,PSII.PRM,119101A,Discharge
(Intercept),61.733930518624945,6.051923440177397,10.200712406370984,2.0631515472571915e-10,49.271992423158615,74.19586861409127,30.140705927051613,25.088600641363573,13097,0.8737614863229773,0.8640838102059325,20,6.357475231722897,4.978036102364421,Total.PRM,119101A,Discharge
Discharge_cumecs,-0.013897714985228186,0.020139821713265275,-0.6900614704088631,0.4989725517520506,-0.056215340531661676,0.028419910561205308,3.8004049372648824e-4,17.967833738324046,13097,0.9853475009803015,0.9838025170647062,20,60.73798756231685,6.569900229298792e-6,Total.PRM,119101A,Discharge
Rel.Month2,-25.612627240859908,5.671420082066415,-4.516087129897067,4.520292646281508e-4,-37.74482990661412,-13.480424575105696,30.497861987086484,14.402092513300522,13097,0.996085746813545,0.9955774713070741,20,225.11498295071658,0.1422506608254121,Total.PRM,119101A,Discharge
Rel.Month3,-43.35959593922196,5.925479910043788,-7.317482566387023,3.588361521133521e-6,-56.05658222606107,-30.662609652382855,33.30143529236535,14.141311700745877,13097,0.9963570243566751,0.995875827520453,20,241.47288515679932,0.1448051073489194,Total.PRM,119101A,Discharge
Rel.Month4,-50.8611484700026,4.593110588445918,-11.073355951399268,6.858927393624937e-9,-60.6017657455864,-41.120531194418795,19.951201793895148,15.926410184216238,13097,0.9937301121211443,0.9929892712918582,20,141.6385246998156,0.14790299410409757,Total.PRM,119101A,Discharge
Rel.Month5,-43.69440248003424,6.070366658993628,-7.197984064982014,4.791277395608812e-6,-56.72379472772626,-30.665010232342226,34.95907889289399,13.889201854720676,13097,0.9965951819031661,0.9961378278918424,20,257.9216565175315,0.1423185370827658,Total.PRM,119101A,Discharge
Rel.Month6,-49.673291387452814,7.712421359929731,-6.440686921688806,3.487449368427573e-5,-66.5113617266712,-32.83522104823444,56.51577531097785,11.784480156400896,13097,0.9979664796533066,0.9976483563785522,20,424.23450019368704,0.13987915657362607,Total.PRM,119101A,Discharge
Sampling.Year2022-2023,-3.439094304062109,5.273138333528928,-0.652191178485654,0.5175899479204954,-14.059243770952811,7.181055162828592,17.109184500113642,45.076323922273126,13097,0.6607946756154588,0.6460710477081304,20,1.8254258192908277,9.841344159412916,Total.PRM,119101A,Discharge
Sampling.Year2023-2024,-4.289113552121158,5.83028347003791,-0.735661237427495,0.46654238419841954,-16.09956384880674,7.521336744564424,23.00254223897506,37.26416618567909,13097,0.7249137891787034,0.7105355215595202,20,2.4546553186339297,9.839535990073472,Total.PRM,119101A,Discharge
(Intercept),4.058580829503778,0.6094570559693842,6.65933848784197,2.274146625767534e-8,2.8337142185737347,5.283447440433821,0.2196056031282785,48.815963525791474,13072,0.6354292543029987,0.6207925507287217,20,1.6370789970547697,0.14085201978617654,OtherHerb.PRM,125013A,Discharge
Discharge_cumecs,3.656950966607121e-4,5.454286320789705e-4,0.6704728632723567,0.5101369582027818,-7.712022152480463e-4,0.0015025924085694704,2.699901756332408e-7,20.235114337212913,13072,0.9569824208736446,0.9529308694251112,20,20.24534674395483,1.4002708276634068e-8,OtherHerb.PRM,125013A,Discharge
Rel.Month2,-0.5453583848015536,0.7664730745664409,-0.7115166897546117,0.4893581480038248,-2.2015284150031276,1.1108116454000205,0.5577764745475866,12.976442778370545,13072,0.9972962841191496,0.9969093879791625,20,322.5605094582644,0.0018156757603668909,OtherHerb.PRM,125013A,Discharge
Rel.Month3,-1.1013463299199344,0.4949266520545213,-2.2252718162339127,0.04073614967932547,-2.1502268561921563,-0.05246580364771258,0.2315728795243348,16.059739770704702,13072,0.993419551537167,0.9926480921185266,20,135.01911451039246,0.0018008674133456572,OtherHerb.PRM,125013A,Discharge
Rel.Month4,-3.1498876634596225,0.4958240455605979,-6.352833614388825,9.359848770246511e-6,-4.200549018343375,-2.0992263085758696,0.23239966471139914,16.082617441455984,13072,0.9933660738646064,0.9925893865497815,20,133.94159514830844,0.0018218362091087198,OtherHerb.PRM,125013A,Discharge
Rel.Month5,-3.1243456963782914,0.5080911080139807,-6.149183969368583,1.4178407648490219e-5,-4.201712628748702,-2.0469787640078807,0.24412138447813403,15.95228474237539,13072,0.9936623864122093,0.9929146861837028,20,140.1370090199605,0.001829120340833952,OtherHerb.PRM,125013A,Discharge
Rel.Month6,-1.7921137643838068,0.7003744861310839,-2.558793616660088,0.02305476466247583,-3.297627696974772,-0.28659983179284154,0.465454390406505,13.674633717622378,13072,0.9967754171427909,0.9963359400261202,20,271.9212969025557,0.001797310896549482,OtherHerb.PRM,125013A,Discharge
Sampling.Year2022-2023,-0.6126539368517037,0.7284678631913225,-0.8410171097565606,0.4027192689791582,-2.0612314627482444,0.8359235890448371,0.23854909771030872,84.24164317454368,13072,0.48410886037141865,0.4720046558906995,20,0.8939560947965287,0.2801888751067071,OtherHerb.PRM,125013A,Discharge
Sampling.Year2023-2024,-0.02784950988137837,0.7909347121204473,-0.035210883344234,0.9720253075300029,-1.6090736530903649,1.553374633327608,0.32895089901572405,61.670250568351385,13072,0.5659781214814965,0.5521271515369887,20,1.2327765646695314,0.2801792748705445,OtherHerb.PRM,125013A,Discharge
(Intercept),1.2313074417816175e-5,5.672189115332801e-6,2.170779952405331,0.0493058370029503,4.348967612262233e-8,2.4582659159509727e-5,3.05499465069049e-11,12.839747804619808,13072,0.9973851936862302,0.9970073246165501,20,333.14917151729503,9.628552784975149e-14,Fungicide.PRM,125013A,Discharge
Discharge_cumecs,-6.563794265709537e-10,1.3378992489949229e-9,-0.49060452576234653,0.6249721137716981,-3.3165356612675438e-9,2.0037768081256364e-9,8.015898556511318e-19,84.88043575253631,13072,0.48227005844073134,0.4702130646208326,20,0.8875512648953908,9.483050520274903e-19,Fungicide.PRM,125013A,Discharge
Rel.Month2,-7.239541573752415e-8,5.559328349408999e-7,-0.1302233132986656,0.8968933686254771,-1.188017490206983e-6,1.0432266587319345e-6,1.7723652781191098e-13,51.88037938153857,13072,0.6166397096573842,0.6021405591283526,20,1.5134504733861724,1.2296296276291932e-13,Fungicide.PRM,125013A,Discharge
Rel.Month3,-2.416674713475514e-7,5.528913192016237e-7,-0.43709760481774207,0.6638479781687928,-1.3510888152586206e-6,8.677538725635178e-7,1.7497972703768946e-13,52.0714904482014,13072,0.6155209553441701,0.6010318561532932,20,1.506465780346173,1.2196009745893774e-13,Fungicide.PRM,125013A,Discharge
Rel.Month4,2.4141373692961347e-8,6.000661418511321e-7,0.04023118787953625,0.9680927190541735,-1.185571472380873e-6,1.2338542197667959e-6,2.2542781706826836e-13,43.54249100010073,13072,0.6720769199762038,0.6573528633434907,20,1.918454272689464,1.233801666744213e-13,Fungicide.PRM,125013A,Discharge
Rel.Month5,-1.3007770924706256e-7,5.256084166864273e-7,-0.2474802630960638,0.8053571374336891,-1.180826711419473e-6,9.206712929253479e-7,1.4513403614470583e-13,61.78495586489449,13072,0.5654546505282858,0.5516123106401508,20,1.2302128799023737,1.2387346973967176e-13,Fungicide.PRM,125013A,Discharge
Rel.Month6,-2.1101621159024174e-7,5.071394197305547e-7,-0.41609112480815535,0.6786588339099852,-1.2230699364021384e-6,8.010375132216548e-7,1.2902014426772156e-13,67.73104134525198,13072,0.54011699174132,0.5267348866761987,20,1.1129805934286439,1.2171923956353608e-13,Fungicide.PRM,125013A,Discharge
Sampling.Year2022-2023,4.090886733418621e-8,3.456274435227182e-7,0.11836116633920378,0.9058601738131631,-6.392339377907689e-7,7.210516724591414e-7,2.8094017216962948e-14,302.02628986395507,13072,0.25187499607033437,0.2469373056523476,20,0.32791068725859446,8.995961163823868e-14,Fungicide.PRM,125013A,Discharge
Sampling.Year2023-2024,8.158782097276476e-8,3.713017554144679e-7,0.21973454146935514,0.8263757522993047,-6.520513807151142e-7,8.152270226606438e-7,4.62433700064082e-14,150.45181070934896,13072,0.36063937443902866,0.3521962845536529,20,0.5436774692022013,8.930945506713674e-14,Fungicide.PRM,125013A,Discharge
(Intercept),24.332554037969224,5.054117253843698,4.814402360662313,3.7825322773083148e-6,14.340250190984603,34.32485788495384,8.888440692475195,139.93168051861926,13072,0.3742430249911694,0.36536273671665104,20,0.5757032526366579,16.21123848850161,Insecticide.PRM,125013A,Discharge
Discharge_cumecs,0.006498469380027521,0.002821202550469313,2.3034394956670114,0.03158833020718853,6.309841623521025e-4,0.012365954597702941,7.119147734623668e-6,20.972214507326242,13072,0.9442540755921398,0.9391798556595725,20,15.441920861001575,4.840787094197043e-7,Insecticide.PRM,125013A,Discharge
Rel.Month2,-2.938148771029962,5.0212053888383625,-0.5851480956268336,0.5692586217614484,-13.875053363726087,7.998755821666164,23.952128558669454,12.033352432922364,13072,0.9978416266780418,0.9975104189810097,20,400.67401356777833,0.06276857029648263,Insecticide.PRM,125013A,Discharge
Rel.Month3,-8.447446328178284,5.2493957921027246,-1.6092225967961413,0.13444171899797763,-19.929599492367277,3.0347068360107095,26.184666230269197,11.592923369653413,13072,0.9980503740279306,0.9977407356834668,20,441.6219600256647,0.06225664036313969,Insecticide.PRM,125013A,Discharge
Rel.Month4,-19.558076798618703,3.849115235467569,-5.0811876501907065,1.5855664586099616e-4,-27.80012703485538,-11.316026562382026,14.050196720630714,14.24838010827009,13072,0.9962419129205519,0.9957489966825299,20,234.23858376924278,0.06298153924630835,Insecticide.PRM,125013A,Discharge
Rel.Month5,-21.12260719826062,3.7026780318558785,-5.704683749581494,4.692613243683031e-5,-29.036066450575447,-13.209147945945793,12.996753574536427,14.548457362403207,13072,0.9959133947955962,0.9953877342610296,20,215.81317959429208,0.06323335432487266,Insecticide.PRM,125013A,Discharge
Rel.Month6,-14.67990896503002,4.250133533921269,-3.4539877036489264,0.0040966605820862215,-23.8326136792912,-5.527204250768838,17.14428701511995,13.42037076105678,13072,0.9969792452613174,0.9965602886632196,20,289.72206999090065,0.062133690286146744,Insecticide.PRM,125013A,Discharge
Sampling.Year2022-2023,-5.727205351564997,6.7275741307724095,-0.8513031949166263,0.39549213673912487,-18.983212836429946,7.528802133299951,12.276339517917952,228.5189435133327,13072,0.29097912200432935,0.28480080079787534,20,0.3982118563829472,32.37009719122429,Insecticide.PRM,125013A,Discharge
Sampling.Year2023-2024,1.7052373405970642,6.321354886243175,0.2697582039426517,0.7874571945468615,-10.714351178799422,14.12482585999355,7.2283450382904055,501.71192906468013,13072,0.19314624107611722,0.18993623664902884,20,0.23447072346913062,32.36976530762554,Insecticide.PRM,125013A,Discharge
(Intercept),6.315984023892732,1.5460395395545652,4.085266813882685,3.9654647563719695e-4,3.1322024168897964,9.499765630895666,1.9683157504819555,25.05376318595302,13072,0.8743040028505388,0.8646550322774716,20,6.388527381750213,0.3235067198600388,PSII.PRM,125013A,Discharge
Discharge_cumecs,-0.0026975056290168475,0.0012824798062883117,-2.1033513477485717,0.04774279094614794,-0.005365577554737473,-2.943370329622219e-5,1.4741917343453437e-6,20.8703540518202,13072,0.9460477509272099,0.9411139259927845,20,15.981943810305108,9.685313247469491e-8,PSII.PRM,125013A,Discharge
Rel.Month2,-0.20631032409199618,2.030581839907014,-0.10160158041275683,0.9206334405990301,-4.596066613806366,4.183445965622374,3.914956234486614,12.914591347011557,13072,0.9973369832674782,0.9969542171960772,20,327.32282023264804,0.01255856234920993,PSII.PRM,125013A,Discharge
Rel.Month3,-1.9059731524777075,1.9948713354130743,-0.9554366332518589,0.356748103587626,-6.214625418089193,2.402679113133779,3.778148102887658,13.029904850050437,13072,0.9972604617325777,0.9968699333153572,20,318.48201132785215,0.012456136820701843,PSII.PRM,125013A,Discharge
Rel.Month4,-4.66491753767511,2.4519894604896355,-1.9025030950759376,0.08301019517725572,-10.047309628600782,0.717474553250562,5.713953468345907,11.246564341183264,13072,0.9981983190509415,0.9979040845376748,20,476.1184801941439,0.012601172589051284,PSII.PRM,125013A,Discharge
Rel.Month5,-5.587794267193311,1.7857308127154778,-3.1291358290985705,0.007399416634600939,-9.418162585679008,-1.7574259487076134,3.024936171834607,13.986119181222127,13072,0.9964996865235191,0.996032545773582,20,251.05079704293354,0.012651555055143527,PSII.PRM,125013A,Discharge
Rel.Month6,-5.001655676300673,1.8505567488575345,-2.702784272564735,0.017483790047499875,-8.980624337729118,-1.022687014872227,3.2496464223177317,13.637552412837922,13072,0.9968062637409648,0.9963698880178988,20,274.4735955614148,0.012431537308550096,PSII.PRM,125013A,Discharge
Sampling.Year2022-2023,-0.25988630583076294,1.2162411065581222,-0.2136799228618601,0.8315468229504204,-2.6945109237860847,2.174738312124559,0.8025799929110852,57.94016663921544,13072,0.583811966931063,0.5696895761473209,20,1.3239037322097487,0.6365334367250861,PSII.PRM,125013A,Discharge
Sampling.Year2023-2024,-0.10263121274348881,1.0267734804017727,-0.0999550676974337,0.9205479767130962,-2.1357180224142147,1.9304555969272372,0.3979016625700342,119.15538558210807,13072,0.40617667738354274,0.39629242093112316,20,0.6564310846359447,0.6364670343578338,PSII.PRM,125013A,Discharge
(Intercept),31.748628545574398,4.16437155314475,7.6238702864059364,1.2035014492728007e-10,23.435183669331604,40.06207342181719,8.785215311356183,66.42429577434551,13072,0.5454003897188469,0.5319156479040388,20,1.1363670789725342,8.117514355717221,Total.PRM,125013A,Discharge
Discharge_cumecs,0.004430577012941794,0.006141103522155169,0.7214626812522645,0.4796420765782895,-0.008446204105452645,0.017307358131336235,3.515667726083675e-5,18.505143036419668,13072,0.980792724883838,0.9788232673843161,20,46.221637924416285,7.986413459480355e-7,Total.PRM,125013A,Discharge
Rel.Month2,-4.300091979443158,5.509794178542288,-0.7804451201080659,0.4487100235203879,-16.168443078411606,7.568259119525292,28.813595454802936,13.38643480227179,13072,0.9970051436196038,0.9965887991365463,20,292.15189577770184,0.10355666235540549,Total.PRM,125013A,Discharge
Rel.Month3,-11.394943532591375,5.715474502536384,-1.9937003528813901,0.06751654281690692,-23.737773119285617,0.9478860541028666,31.013273064343164,13.048903959491437,13072,0.9972475846532282,0.9968557511899618,20,317.04098861623976,0.10271207158320192,Total.PRM,125013A,Discharge
Rel.Month4,-24.690012369292482,5.584853428414199,-4.420888155036708,6.558828930944964e-4,-36.728704460286195,-12.651320278298765,29.60636170923175,13.289353503164284,13072,0.9970776363923384,0.9966686096848648,20,299.1749736309201,0.10390802217649295,Total.PRM,125013A,Discharge
Rel.Month5,-26.393230422673312,3.224413220109599,-8.185436735610518,2.79496447276286e-7,-33.199516227539604,-19.58694461780702,9.802397279058512,16.890259851256534,13072,0.9909748000185115,0.9899658487728029,20,98.65965006482462,0.10432347100611758,Total.PRM,125013A,Discharge
Rel.Month6,-18.153172223550413,5.993687448820578,-3.028715190533091,0.009963868358170057,-31.139868209570437,-5.166476237530388,34.115980959722854,12.63505266990646,13072,0.9975115309524633,0.9971465204009414,20,349.4493252132875,0.10250922644032884,Total.PRM,125013A,Discharge
Sampling.Year2022-2023,-6.3861263345872175,6.17131854704363,-1.0348074379739303,0.30515351860394635,-18.745470022007986,5.973217352833551,20.891962824067324,56.68437346240858,13072,0.590195424690794,0.5759869120309047,20,1.3584177667480068,16.14861164381401,Total.PRM,125013A,Discharge
Sampling.Year2023-2024,-0.0017926162880384066,5.14193313328732,-3.486269155142355e-4,0.99972239864629,-10.179554127952937,10.175968895376858,9.801345000691224,123.46383880818102,13072,0.39890315812980726,0.38924417849964216,20,0.6373155437854701,16.14806409647217,Total.PRM,125013A,Discharge
(Intercept),14.3990599299316,3.8726351649396014,3.718155549557473,5.824992632127554e-4,6.586287286460689,22.21183257340251,9.507820683116297,42.462574404157785,13096,0.6803751777324255,0.6656671294104192,20,1.9910310590656122,5.0140914034546595,OtherHerb.PRM,126001A,Discharge
Discharge_cumecs,-0.025815851407518037,0.013655775060745062,-1.8904713421743722,0.07536821432015918,-0.05456393754305881,0.0029322347280227347,1.7528581621807887e-4,17.504136569902364,13096,0.9882397601029952,0.9869686670311754,20,75.73812052783414,2.430085480683977e-6,OtherHerb.PRM,126001A,Discharge
Rel.Month2,1.4590874181752727,6.139149856234815,0.23766929499097478,0.8195180805488089,-13.316658999191038,16.234833835541583,35.86774264554052,6.441750326522875,13096,0.9994137977428801,0.999256253554645,20,1343.544241179787,0.028031179490410174,OtherHerb.PRM,126001A,Discharge
Rel.Month3,-7.260059408800119,3.6973919266316395,-1.9635623036084533,0.07532627861278669,-15.396868153325714,0.8767493357254761,12.99381787159411,11.012157618286697,13096,0.9982944412090422,0.9980104691125786,20,501.6310505267207,0.02719829394701128,OtherHerb.PRM,126001A,Discharge
Rel.Month4,-7.842409864029547,4.1813879896485275,-1.875551822371966,0.0906394116230785,-17.1787221982564,1.4939024701973027,16.625523981105577,9.847459752960575,13096,0.9986862158997358,0.9984439870037207,20,641.6681540521595,0.02720533981610351,OtherHerb.PRM,126001A,Discharge
Rel.Month5,-7.139932982598554,3.1900574917901525,-2.238183167850014,0.04434488768089578,-14.068404982768378,-0.21146098242873013,9.665983980201537,12.35468063847204,13096,0.9976767121742726,0.997328776062789,20,373.36022718638264,0.027183621714867497,OtherHerb.PRM,126001A,Discharge
Rel.Month6,-7.954303096182913,3.996625891566203,-1.9902546077600898,0.07403679466536343,-16.836049650046892,0.9274434576810657,15.186926688924702,10.197225868331426,13096,0.9985793358734744,0.998325582998748,20,596.2227941141551,0.026745493766408737,OtherHerb.PRM,126001A,Discharge
Sampling.Year2022-2023,2.0714182334501006,3.8190097803019256,0.5423966820232488,0.5881851247307537,-5.462009410701578,9.604845877601779,4.360639510601386,188.7366094027672,13096,0.32109004462610596,0.3139337034486085,20,0.45758508328807324,10.006164215910307,OtherHerb.PRM,126001A,Discharge
Sampling.Year2023-2024,3.4803822937221107,3.9006889282591466,0.8922481022539226,0.3736075354812374,-4.223429834553443,11.184194421997663,4.961330104582834,159.09083997276662,13096,0.3504914125793235,0.34237716210089303,20,0.5206284550498242,10.005977505231511,OtherHerb.PRM,126001A,Discharge
(Intercept),0.08537881752002245,0.05731049308919457,1.4897589065783128,0.15131369292046642,-0.033883528168003205,0.2046411632080481,0.0029495933425982535,20.77498476219884,13096,0.9477382018201729,0.9429380333010609,20,16.52480781596669,1.8741960839845263e-4,Fungicide.PRM,126001A,Discharge
Discharge_cumecs,4.268124071597898e-5,4.5032163262456104e-5,0.9477945899961436,0.35219205523651087,-5.000442966548258e-5,1.3536691109744054e-4,1.6613352756179582e-9,25.322228278237052,13096,0.8700749158495767,0.8602030248548587,20,6.153230597169713,2.834936886976452e-10,Fungicide.PRM,126001A,Discharge
Rel.Month2,-0.0749530888989777,0.05697604078747812,-1.3155194334852849,0.22572307641747766,-0.2069535790735539,0.057047401275598514,0.0030885705784570987,7.79183226902857,13096,0.999179340711562,0.9989926539633789,20,991.7075341003992,3.270116436416663e-6,Fungicide.PRM,126001A,Discharge
Rel.Month3,-0.07367648794669955,0.05736250548887799,-1.2844014974378113,0.23680737528078552,-0.20720449106703476,0.05985151517363567,0.0031307467465943066,7.591328686739132,13096,0.9992178011530081,0.99903571084416,20,1036.0333358450573,3.172952037535255e-6,Fungicide.PRM,126001A,Discharge
Rel.Month4,-0.06770053790167853,0.055514002754050606,-1.219521824099393,0.257828197323107,-0.19601633944331098,0.06061526363995391,0.0029320292645412917,7.893842801892278,13096,0.9991592260276436,0.9989701572547668,20,970.0220367417794,3.173774008381513e-6,Fungicide.PRM,126001A,Discharge
Rel.Month5,-0.07117129159958724,0.058694932273254424,-1.212562803007406,0.2626805861687599,-0.20852695689065556,0.06618437369148109,0.003278022699225225,7.380038885013406,13096,0.9992568525294803,0.9990794911876733,20,1085.355705245701,3.171240375437386e-6,Fungicide.PRM,126001A,Discharge
Rel.Month6,-0.07397417147686886,0.057181679842313815,-1.2936690856383128,0.23398142668660202,-0.2072372744708914,0.0592889315171537,0.0031110708392427205,7.543516864497296,13096,0.9992267679817753,0.999045757741967,20,1046.951913239927,3.120128384020875e-6,Fungicide.PRM,126001A,Discharge
Sampling.Year2022-2023,-0.020473974674600968,0.02535166154066013,-0.807598927658603,0.4211332362280057,-0.07073712323432883,0.029789173885126894,2.5755829918544705e-4,105.81513047163205,13096,0.4314229995834088,0.42077699844281957,20,0.7264507751101124,3.7227052872746655e-4,Fungicide.PRM,126001A,Discharge
Sampling.Year2023-2024,-0.012193633914381947,0.02904656578715969,-0.4197960613909221,0.6761285398802427,-0.07029115331171962,0.04590388548295572,4.4900403520162094e-4,60.21481200676217,13096,0.5727507304666715,0.558791714485829,20,1.2665032204339266,3.722487470660938e-4,Fungicide.PRM,126001A,Discharge
(Intercept),47.21856090287693,4.250064092205824,11.110082078402268,3.2800100462518754e-23,38.84423167767653,55.59289012807733,4.899838481024576,228.48904986520589,13096,0.2910052092518813,0.28482631059711266,20,0.3982617297273895,12.918214382781509,Insecticide.PRM,126001A,Discharge
Discharge_cumecs,0.0045092578656035325,0.014902244882408966,0.3025891670137825,0.7656407135835583,-0.026778914892835442,0.0357974306240425,2.077297581068319e-4,18.164261236991212,13096,0.9838507350997134,0.9821653829016215,20,55.07073000131375,3.960656523110738e-6,Insecticide.PRM,126001A,Discharge
Rel.Month2,-9.928418490322667,4.438456032575089,-2.236908153974081,0.04554576419472785,-19.62459847728674,-0.23223850335859275,18.718290996450897,11.720758332323854,13096,0.9979959618833848,0.9976808803349014,20,430.1981029049261,0.04568640682875588,Insecticide.PRM,126001A,Discharge
Rel.Month3,-19.438008899291678,2.8383904370453643,-6.8482505597523655,5.207495214798482e-6,-25.482107779600355,-13.393910018983,7.630601274774694,15.16672097902387,13096,0.9951034699893342,0.9944977157344026,20,180.74270025495522,0.04432893459714575,Insecticide.PRM,126001A,Discharge
Rel.Month4,-28.829783743740197,5.573639978503887,-5.1725234954050405,5.03205318535892e-4,-41.35016601422501,-16.309401473255384,29.543925896879028,9.435044948694536,13096,0.9988022424287217,0.9985726779990203,20,699.6127554354155,0.04434041825383312,Insecticide.PRM,126001A,Discharge
Rel.Month5,-35.66626220362836,2.975974039378287,-11.984735663581064,4.95507861990388e-9,-42.01525564769779,-29.31726875955892,8.392491868460434,14.842833844493082,13096,0.9955581518470512,0.9949974127524487,20,198.8965636210543,0.04430502117006231,Insecticide.PRM,126001A,Discharge
Rel.Month6,-32.73928349165972,3.347474602702517,-9.78029331879869,1.294588302141814e-7,-39.92292530520944,-25.555641678110003,10.63047168962493,13.916924695169294,13096,0.9965697991487802,0.9961098919063268,20,256.0622656029475,0.04359094163219687,Insecticide.PRM,126001A,Discharge
Sampling.Year2022-2023,5.401199618340487,6.077344791253204,0.8887433252288308,0.3751856374191552,-6.581116470741228,17.3835157074222,10.603407410436578,204.42012049869268,13096,0.30817990413905666,0.3014442436382116,20,0.4315249583056772,25.800541930814045,Insecticide.PRM,126001A,Discharge
Sampling.Year2023-2024,9.17376091790917,5.927094791773803,1.5477668639012498,0.12288536478710169,-2.4970378247180296,20.84455966053637,8.885919094144832,262.0234188851827,13096,0.27112991415897225,0.2655876693738476,20,0.3616329115109087,25.800237621820067,Insecticide.PRM,126001A,Discharge
(Intercept),22.09675148712596,4.352048203308222,5.077322321551736,7.368851018240842e-6,13.327244761080838,30.866258213171083,11.760786267285933,44.262710107004565,13096,0.6667127788130605,0.6519859884640503,20,1.8734475246744497,6.5914979832680896,PSII.PRM,126001A,Discharge
Discharge_cumecs,0.005785540379630723,0.019766732915115336,0.29269077517643816,0.7733653450354196,-0.03597702212890663,0.047548102888168076,3.686700598292099e-4,16.693518044748732,13096,0.9916756612925407,0.9907347134622215,20,106.92974355650924,3.6201673168335767e-6,PSII.PRM,126001A,Discharge
Rel.Month2,-9.904429410177345,6.780975622736038,-1.4606201174014888,0.18567500402634196,-25.79827697516278,5.989418154808089,43.75225862134124,7.319050566441927,13096,0.9992678532781856,0.9990918363839576,20,1100.1231702475616,0.04175884373207995,PSII.PRM,126001A,Discharge
Rel.Month3,-9.883632622462612,4.95708885793278,-1.993838098473045,0.07379573648981687,-20.910391682034255,1.1431264371090322,23.364011309470573,10.12409230986275,13096,0.9986023750156011,0.9983510960895605,20,605.4634777495792,0.040518070497211185,PSII.PRM,126001A,Discharge
Rel.Month4,-10.490492398799171,4.504078084391321,-2.329109798329984,0.039869644920561775,-20.400444811578847,-0.5805399860194953,19.28208649844362,11.03153692932832,13096,0.9982869687314891,0.9980022118831209,20,499.55358301069174,0.0405285669283899,PSII.PRM,126001A,Discharge
Rel.Month5,-17.946732145687577,5.179637057481608,-3.4648628748542967,0.006350422345324248,-29.535862663126487,-6.357601628248668,25.512517937504963,9.702303166954183,13096,0.9987282242865836,0.99849056035694606,20,661.4975066752077,0.04049621285652566,PSII.PRM,126001A,Discharge
Rel.Month6,-16.99050808411747,5.423546520918041,-3.132730219716359,0.011774506892615659,-29.221813826188445,-4.759202342046491,27.97620318413946,9.185216294477828,13096,0.9988677873916267,0.998645462685771,20,737.25947022301,0.03984352121575452,PSII.PRM,126001A,Discharge
Sampling.Year2022-2023,-2.8243475143461914,4.891378769013026,-0.5774133731451109,0.5650635254327645,-12.538391425430092,6.889696396737708,10.262278109912982,92.46905147820867,13096,0.46188536025184523,0.45037107544338945,20,0.8194093420514704,13.150194246542755,PSII.PRM,126001A,Discharge
Sampling.Year2023-2024,-1.5031491612938417,5.380894194704785,-0.2793493250198185,0.780890420939109,-12.25568934589474,9.249391023307059,15.051529748821668,63.095600238280454,13096,0.559577249504992,0.5458345667355756,20,1.2018408420303084,13.149916098344908,PSII.PRM,126001A,Discharge
(Intercept),62.05025148231735,4.186114905320133,14.822873448470725,5.6259339003061375e-24,53.710906503503814,70.38959646113088,8.35712393446007,74.90330319811471,13096,0.5135704220998474,0.5007533362180768,20,1.0030178918467683,8.748577869360314,Total.PRM,126001A,Discharge
Discharge_cumecs,-0.009424454805627905,0.024251984777329396,-0.38860550557650964,0.7020764090099825,-0.060335736019852225,0.04148682640859642,5.499789632510162e-4,18.200726189099854,13096,0.9835533166408955,0.9818401852523088,20,54.066641036475076,1.0680854226249824e-5,Total.PRM,126001A,Discharge
Rel.Month2,-8.677672724212913,3.8804740178966854,-2.2362403882081474,0.03959032125327858,-16.889044068790792,-0.46630137963503415,14.223689828076694,16.364490090236416,13096,0.9926631064356767,0.9918180607676269,20,121.22041396290889,0.12320428409071688,Total.PRM,126001A,Discharge
Rel.Month3,-18.06459983429498,5.583514278544949,-3.235345865185568,0.006051879312317528,-30.05133156934357,-6.077868099246391,29.577226820964444,13.860898907075782,13096,0.9966203230208863,0.9961654814934326,20,259.78893563489805,0.11954353670264943,Total.PRM,126001A,Discharge
Rel.Month4,-29.90226736192562,7.142887869092677,-4.186299422578497,0.0013156142662315738,-45.49928419019376,-14.305250533657475,48.47740248124914,11.768638774381294,13096,0.9979737405196477,0.9976563598628438,20,425.6866675245733,0.11957450511971522,Total.PRM,126001A,Discharge
Rel.Month5,-39.46662702038167,3.220100747472577,-12.256332989381965,6.191580064289945e-10,-46.25367769140594,-32.679576349357404,9.761495024215264,17.22547906763557,13096,0.9896167581153712,0.9884773376539286,20,85.78549886875278,0.11947904844742258,Total.PRM,126001A,Discharge
Rel.Month6,-36.64793363351058,4.2886254640326085,-8.545379852091447,2.76046832792012e-7,-45.75610980421112,-27.539757462810044,17.404528579005923,15.647035294818682,13096,0.9942940767599799,0.9936085585113588,20,155.4592278247702,0.11755336279268716,Total.PRM,126001A,Discharge
Sampling.Year2022-2023,2.5810872869327297,5.481105015047027,0.47090637377809563,0.638677071293582,-8.285974137657664,13.448148711523125,12.040127475970595,105.79960572419333,13096,0.43145509352038064,0.42080814585377846,20,0.7265436190812554,17.400378336204547,Total.PRM,126001A,Discharge
Sampling.Year2023-2024,7.618181585261099,5.717752977290631,1.3323733318872741,0.18626714478595102,-3.7487892143986246,18.985152384920823,14.564896585559088,85.75986141086817,13096,0.4797768611134356,0.46778460731250004,20,0.8789385157583526,17.399557694478826,Total.PRM,126001A,Discharge
(Intercept),3.045243105784062,1.2072977635312543,2.5223629147435487,0.012058774845226165,0.6715295621635309,5.418956649404594,0.3023456770069705,385.447702062049,13096,0.2218305022738621,0.21780320702240175,20,0.2784506520325755,1.1401049289702492,OtherHerb.PRM,1300040,Discharge
Discharge_cumecs,9.198427394611121e-4,6.476666210232574e-4,1.4202410771267475,0.17356156750528023,-4.4628518781082965e-4,0.0022859706667330538,3.9521671213428357e-7,17.05394682388486,13096,0.9903539154450406,0.9892853308691519,20,92.32999346857548,4.494504246685942e-9,OtherHerb.PRM,1300040,Discharge
Rel.Month2,1.831477634729541,0.7625609950551684,2.401745757527292,0.02903587860308178,0.212810608829044,3.4501446606300377,0.5501513125574736,15.74741125225969,13096,0.9941002600017224,0.9933957045442356,20,150.416605555884,0.00384039299418129,OtherHerb.PRM,1300040,Discharge
Rel.Month3,1.4813062213830237,0.7922092766850238,1.8698420543388554,0.0802066244013386,-0.2002362511831215,3.1628486939491687,0.5937540102150268,15.753999756780894,13096,0.9940871999633071,0.9933813625367188,20,150.08849903742282,0.004153827340030432,OtherHerb.PRM,1300040,Discharge
Rel.Month4,2.655043417695486,1.1037361486873776,2.4055055375807037,0.03150337151983392,0.2741590130817837,5.035927822309188,1.1564504776554314,13.19585419754316,13096,0.997150455498528,0.9967489939926799,20,306.5970938682989,0.0039604843810417956,OtherHerb.PRM,1300040,Discharge
Rel.Month5,1.039324987847489,0.8667023070654938,1.1991718256369552,0.24866452317039756,-0.8045112713733154,2.8831612470682932,0.7112610437267984,15.3337593498367,13096,0.9948422121718247,0.9942106627877907,20,171.7313444259306,0.00434879315951114,OtherHerb.PRM,1300040,Discharge
Rel.Month6,0.7650490665711328,1.0869713650334436,0.7038355297865588,0.49335037315074814,-1.5715560547768557,3.1016541879191215,1.1211332958960396,13.670460320003118,13096,0.9967847064142779,0.9963463706680793,20,272.700452113005,0.0043167877118261,OtherHerb.PRM,1300040,Discharge
Sampling.Year2022-2023,1.571717196489314,1.6868414471192752,0.9317515876631048,0.3519607033475691,-1.7432788452798473,4.8867132382584755,0.5425574836034242,453.47717845156393,13096,0.2037145349250723,0.20021035252459216,20,0.2503287622646407,2.275748709935855,OtherHerb.PRM,1300040,Discharge
Sampling.Year2023-2024,-0.32329365632807416,1.607084086966581,-0.2011678535989368,0.8406012876093063,-3.476288528030253,2.829701215374105,0.2923427849538696,1204.633383684688,13096,0.12031074612702722,0.11885144802566834,20,0.13488241881504057,2.2757593383796464,OtherHerb.PRM,1300040,Discharge
(Intercept),4.1749558384350714e-10,3.911821518605043e-10,1.0672664431591607,0.28936507868421146,-3.6211680774586773e-10,1.197107975432882e-9,0,73.0696125745267,75,0.026291707454676017,0,20,0,1.5302347593421465e-19,Fungicide.PRM,1300040,Discharge
Discharge_cumecs,2.038591829356494e-14,3.795503034017773e-14,0.5371071531455264,0.5928254371995404,-5.525713401753623e-14,9.602897060466612e-14,0,73.0696125745267,75,0.026291707454676017,0,20,0,1.4405843281238122e-27,Fungicide.PRM,1300040,Discharge
Rel.Month2,5.961947751908309e-11,4.15875753504281e-11,1.4335886864457312,0.15595502729000466,-2.3263110362667586e-11,1.4250206540083376e-10,0,73.0696125745267,75,0.026291707454676017,0,20,0,1.7295264235275347e-21,Fungicide.PRM,1300040,Discharge
Rel.Month3,5.422450972938387e-11,5.3828465909040353e-11,1.0073575163931432,0.3170872892332656,-5.3053746303879485e-11,1.615027657626472e-10,0,73.0696125745267,75,0.026291707454676017,0,20,0,2.8975037421207193e-21,Fungicide.PRM,1300040,Discharge
Rel.Month4,5.1257582429077395e-11,6.905252128492146e-11,0.7422984921518018,0.4602860775398213,-8.636168523989112e-11,1.8887685009804593e-10,0,73.0696125745267,75,0.026291707454676017,0,20,0,4.768250695804531e-21,Fungicide.PRM,1300040,Discharge
Rel.Month5,8.151775164199805e-11,9.097863216613349e-11,0.8960098618886774,0.3731898944316434,-9.979949064328478e-11,2.628349939272809e-10,0,73.0696125745267,75,0.026291707454676017,0,20,0,8.27711151082062e-21,Fungicide.PRM,1300040,Discharge
Rel.Month6,4.606879952887206e-11,1.1065653030931045e-10,0.4163224655616724,0.6783944079384234,-1.7446580776115406e-10,2.6660340681889816e-10,0,73.0696125745267,75,0.026291707454676017,0,20,0,1.2244867700095342e-20,Fungicide.PRM,1300040,Discharge
Sampling.Year2022-2023,-4.66785405867919e-10,5.526258239308281e-10,-0.8446681020942414,0.4010533414849943,-1.5681494077776923e-9,6.345785960418544e-10,0,73.0696125745267,75,0.026291707454676017,0,20,0,3.0539530127522664e-19,Fungicide.PRM,1300040,Discharge
Sampling.Year2023-2024,-4.6057792125273367e-10,5.527160017741585e-10,-0.8332994155666353,0.4073915275341451,-1.562121644460559e-9,6.409658019550916e-10,0,73.0696125745267,75,0.026291707454676017,0,20,0,3.0549497861721157e-19,Fungicide.PRM,1300040,Discharge
(Intercept),-0.0361510382054942,0.6303719951363258,-0.05734873770475176,0.9543609006268577,-1.2839928730549162,1.2116907966439279,0.14794591198487325,122.4161571771334,13096,0.40064229374027327,0.39092950215821975,20,0.6418460646894976,0.24202564466803497,Insecticide.PRM,1300040,Discharge
Discharge_cumecs,4.731080657985908e-4,4.3407574760804315e-4,1.089920522871028,0.2892620442104831,-4.348884919361182e-4,0.0013811046235332998,1.741677556160323e-7,19.16666881168421,13096,0.9732236045749971,0.9705680945673661,20,32.97673325258816,5.545611264647659e-9,Insecticide.PRM,1300040,Discharge
Rel.Month2,-0.23520290034230926,0.2970529085446368,-0.7917879057123132,0.43750904899881016,-0.8536967182082994,0.38329091752368083,0.07952562300863877,20.596102760640875,13096,0.9508514414477092,0.9462998277517544,20,17.621914197540974,0.0047385263157576196,Insecticide.PRM,1300040,Discharge
Rel.Month3,0.4621903259020699,0.8441708499719369,0.5475080381150743,0.5915855203779754,-1.327362534779214,2.2517431865833535,0.673808725688214,16.001033895579273,13096,0.9935649271743421,0.9928079058231487,20,138.04156083198086,0.005125261969717706,Insecticide.PRM,1300040,Discharge
Rel.Month4,-0.07964614324029491,0.4950854133508145,-0.1608735403881878,0.8739473096111248,-1.1182126933045575,0.9589204068239677,0.22878367966072113,18.387580963368976,13096,0.9819275251531866,0.9800631899500523,20,49.158475578324456,0.004886702868989679,Insecticide.PRM,1300040,Discharge
Rel.Month5,0.20928955255328793,0.8956314148448052,0.23367821749480902,0.8182381329330292,-1.6914569434713134,2.1100360485778893,0.7588474359959805,15.78613031230751,13096,0.9940228933773674,0.993310745132188,20,148.49348167489882,0.00536582346112818,Insecticide.PRM,1300040,Discharge
Rel.Month6,0.44362504764070293,1.3719972378732117,0.3233425224152667,0.7517367420103485,-2.529827833989535,3.4170779292709406,1.7876667501626204,12.606472494332474,13096,0.9975330369623717,0.9971704208561537,20,352.40944683409583,0.005326333060970447,Insecticide.PRM,1300040,Discharge
Sampling.Year2022-2023,0.2931183012656405,0.8192322566914988,0.35779633781683606,0.7208309078383421,-1.3212245849846005,1.9074611875158813,0.1834234811746669,225.160097583135,13096,0.2932160978939548,0.2869658007844372,20,0.4024572749808349,0.4785468351704455,Insecticide.PRM,1300040,Discharge
Sampling.Year2023-2024,0.3893042177022649,0.8872267048539694,0.4387877591740674,0.66159317556908,-1.3670895446561027,2.1456979800606324,0.29391550149648105,121.72403282668608,13096,0.4017997194875334,0.39205101311382323,20,0.6448748522830008,0.4785599492347273,Insecticide.PRM,1300040,Discharge
(Intercept),-0.05807290461179788,0.6706163259231555,-0.08659631799428089,0.9310792121356645,-1.3804758929037806,1.264330083680185,0.13069764165039366,199.57387611561037,13096,0.3120070353360668,0.3051467903431707,20,0.43915288308717054,0.3124937328617585,PSII.PRM,1300040,Discharge
Discharge_cumecs,-5.738704496394422e-4,3.0468846507745594e-4,-1.8834662792159085,0.07474887802074826,-0.0012107901502556775,6.304925097679309e-5,8.556022538329283e-8,19.35950641016966,13096,0.9706062998780268,0.967718833008271,20,29.977814409752245,2.9968240987986005e-9,PSII.PRM,1300040,Discharge
Rel.Month2,2.0029517933004453,0.6691663513639668,2.993204588392428,0.008943629192494484,0.5790396942625822,3.426863892338308,0.4240218351230614,15.293735713491603,13096,0.9949066302581911,0.9942814366461956,20,173.86909528329898,0.00256067891854948,PSII.PRM,1300040,Discharge
Rel.Month3,-0.15176637749879238,0.09636808272171096,-1.5748614397264606,0.12353445262113763,-0.3468192432446624,0.04328648824707765,0.006206798277281931,38.20348848521283,13096,0.7162393387515904,0.7017630422681567,20,2.3530384953133128,0.0027696691763125004,PSII.PRM,1300040,Discharge
Rel.Month4,-0.13221840725224385,0.07979285492772603,-1.6570206363966211,0.10321864071887239,-0.29213254899999785,0.027695734495510188,0.003548711254266827,54.91311609926349,13096,0.5995608625122275,0.5852372416724636,20,1.4110168522177307,0.002640752880536962,PSII.PRM,1300040,Discharge
Rel.Month5,0.198423742689533,1.0459839628231515,0.18970055922652923,0.8526334092659787,-2.0740311218568688,2.4708786072359348,1.0392216980266282,12.320021623076615,13096,0.9976956751200894,0.9973496809550472,20,376.3130642155444,0.002899667555264445,PSII.PRM,1300040,Discharge
Rel.Month6,0.10848906193377221,0.8260644812115674,0.1313324376017888,0.8973516155310413,-1.6606069714192984,1.8775850952868427,0.6471468571464613,14.22592217095043,13096,0.9962716783226595,0.9957819448752558,20,236.07608611697228,0.0028783271155516355,PSII.PRM,1300040,Discharge
Sampling.Year2022-2023,1.132359005492624,0.9140646844417649,1.2388171480273031,0.21644138190906295,-0.6668818666913279,2.931599877676576,0.20333463295480672,282.544007568494,13096,0.2607472606771374,0.25553288322890805,20,0.3432426731447953,0.6220128827410761,PSII.PRM,1300040,Discharge
Sampling.Year2023-2024,-0.17204387943804253,0.9117200420315159,-0.18870253093777595,0.8504574912469072,-1.9664447060867165,1.6223569472106314,0.1992509195407903,291.02204647381785,13096,0.25678054755892227,0.2516903876794509,20,0.3363452554069768,0.6220199695241193,PSII.PRM,1300040,Discharge
(Intercept),3.1241911526177173,2.7720369126551225,1.1270380774350126,0.25979753844185516,-2.310632295339354,8.559014600574788,0.4303428122264326,3800.3052835678996,13096,0.05929879582826051,0.05880385993966553,20,0.06247779547406131,7.2323286922847885,Total.PRM,1300040,Discharge
Discharge_cumecs,0.001301323301108643,0.001272061878052697,1.0230031443916392,0.3213375124784192,-0.0013925738694943511,0.0039952204717116375,1.529189129896247e-6,16.203775863422024,13096,0.993083574819751,0.9922795158462839,20,128.52555566332958,1.2492835203895382e-8,Total.PRM,1300040,Discharge
Rel.Month2,2.337586688421413,1.1142114589433536,2.097974015307857,0.05163743454863628,-0.01865132857646623,4.693824705419292,1.1721833283339393,16.498297490065053,13096,0.9922835286669657,0.9914015604254935,20,115.30017183174749,0.01067468049004019,Total.PRM,1300040,Discharge
Rel.Month3,1.366982251407373,1.167570508378691,1.1707920349115266,0.2583560094041345,-1.1025710264525561,3.8365355292673025,1.2873095196481839,16.457950540563623,13096,0.9924009800115408,0.9915304288009844,20,117.06973180841022,0.011545896405081621,Total.PRM,1300040,Discharge
Rel.Month4,0.7145241289802673,1.4790172658525187,0.48310736154145517,0.6360583177203412,-2.4404495348515685,3.869497792812103,2.0728415129081985,14.86352215816521,13096,0.9955309670202047,0.9949675318719144,20,197.70965390106315,0.011008484136251401,Total.PRM,1300040,Discharge
Rel.Month5,1.0917787964101473,1.2640631916117484,0.8637058682312162,0.40039832355051674,-1.5859428969826141,3.7695004898029087,1.510255174136007,16.146343595577278,13096,0.9932252063567079,0.9924349744795117,20,131.1872606102517,0.012087819544871925,Total.PRM,1300040,Discharge
Rel.Month6,1.452870369110186,2.056256745247495,0.7065607796633955,0.4926801153463216,-3.003071863172657,5.908812601393029,4.015421851943797,12.619082427667276,13096,0.9975255563997688,0.9971621774991162,20,351.38285681665275,0.011998857834834398,Total.PRM,1300040,Discharge
Sampling.Year2022-2023,3.381789533786043,4.152814858666297,0.814336696645351,0.415737482733725,-4.772106811779381,11.535685879351465,2.6605847472863324,679.2639595540691,13096,0.16444397227177468,0.16198740812195275,20,0.19329949178797798,14.452257265708933,Total.PRM,1300040,Discharge
Sampling.Year2023-2024,-0.07415780267186434,3.8202144576360015,-0.01941194754750867,0.984512797341303,-7.562384530445124,7.414068925101395,0.1350016133426894,12182.450329796866,13096,0.009875522134399684,0.009712986161245336,20,0.009808253592656795,14.452286808321308,Total.PRM,1300040,Discharge
(Intercept),15.97402500717578,3.5707252880827633,4.473607941918361,1.956740648379507e-4,8.562453141176773,23.385596873174784,11.240314024420824,21.68007677607698,13096,0.9316908888773612,0.9256671781291956,20,12.453007363800461,0.9477493573118695,OtherHerb.PRM,1350051,Discharge
Discharge_cumecs,-1.4897095999409418,0.5862666483733268,-2.5410103134372988,0.019204950298567773,-2.710565560661815,-0.26885363922006844,0.31007793553505375,20.544587229325167,13096,0.9517411819535458,0.9472612801078731,20,17.961400694696923,0.01812675068308754,OtherHerb.PRM,1350051,Discharge
Rel.Month2,-11.979571789368174,3.4536277550708663,-3.4686922386985395,0.0037065723416208054,-19.379095543586995,-4.580048035149353,11.312501055559888,14.15848259568422,13096,0.99633970654378,0.9958567698866158,20,240.35758155686975,0.049418562257947586,OtherHerb.PRM,1350051,Discharge
Rel.Month3,-12.081767684498008,4.183713120740774,-2.8878097842327186,0.01303675806450347,-21.14805531851735,-3.015480050478663,16.622667478880203,12.617592548488844,13096,0.997526441708723,0.9971631530756595,20,351.50403940370666,0.04965462383428917,OtherHerb.PRM,1350051,Discharge
Rel.Month4,-11.711284091250105,3.6351977275122658,-3.221636061943921,0.006270023882758035,-19.52087984443458,-3.9016883380656306,12.538379963687245,13.758254523530814,13096,0.9967102978632152,0.9962644860456267,20,266.7007801909773,0.049363556238734244,OtherHerb.PRM,1350051,Discharge
Rel.Month5,-11.796112344336686,3.5126014374292063,-3.3582268169228997,0.004695058784991947,-19.330931489771796,-4.261293198901575,11.704370523132926,13.979465492042937,13096,0.9965121753100826,0.9960464945163626,20,251.9400816917481,0.048779808940151256,OtherHerb.PRM,1350051,Discharge
Rel.Month6,-7.4575282704988926,5.196085840020523,-1.4352203755104702,0.18009927504456574,-18.948594840403672,4.033538299405889,25.666879179555014,10.587791453407894,13096,0.9984495875880506,0.9981819934708829,20,549.0530300546586,0.04908491832901797,OtherHerb.PRM,1350051,Discharge
Sampling.Year2022-2023,-0.5494955138310805,2.139190181436897,-0.25687080961730274,0.7982740604547222,-4.840265847073841,3.74127481941168,2.5976256946899037,52.9480929028876,13096,0.6104695062126186,0.596028569644626,20,1.4754225790677806,1.8486276529316268,OtherHerb.PRM,1350051,Discharge
Sampling.Year2023-2024,-0.8055884369061495,2.0363975230908244,-0.39559488153542594,0.6937798740997616,-4.8773649502436625,3.266188076431363,2.1892401470322502,61.187243576504805,13096,0.5682032040505266,0.5543162146579749,20,1.2437432836659819,1.8482127176665821,OtherHerb.PRM,1350051,Discharge
(Intercept),0.15510961649152066,0.18058813037034088,0.8589136848220855,0.39405297615135715,-0.206658672158625,0.5168779051416663,0.01800682934590644,55.95239311890943,13096,0.5940167933650886,0.5797598610606893,20,1.379591827006358,0.013704902017453476,Fungicide.PRM,1350051,Discharge
Discharge_cumecs,0.07102440706999992,0.064799073284382,1.0960713397597055,0.2883915513023176,-0.06573048156221727,0.2077792957022171,0.0039581969675336484,16.9336870801725,13096,0.990826800046407,0.9898037867739455,20,97.07562649285234,4.281308260437902e-5,Fungicide.PRM,1350051,Discharge
Rel.Month2,0.07303547705803347,0.19885169061535835,0.36728617610451714,0.7194117666496804,-0.3572800436994738,0.5033509978155407,0.037547880470297945,12.788722763312734,13096,0.9974221056833833,0.9970481922526955,20,337.77545070919507,1.1672036677335589e-4,Fungicide.PRM,1350051,Discharge
Rel.Month3,-0.06128438549343568,0.08454989319836761,-0.7248310219582735,0.4778761345243816,-0.23892135574203935,0.11635258475516799,0.006696577643451313,17.99401354837032,13096,0.9851573523741869,0.9835944759881071,20,59.955078257486115,1.1727791423149251e-4,Fungicide.PRM,1350051,Discharge
Rel.Month4,-0.07406940962239142,0.0747005334942152,-0.9915512802613029,0.3342223060863224,-0.2307172949775067,0.08257847573272387,0.0052034088140736935,18.48072713085352,13096,0.9810516344381919,0.9791062896433563,20,46.86129332371185,1.1659044954298783e-4,Fungicide.PRM,1350051,Discharge
Rel.Month5,-0.005325538784329514,0.11330605627651788,-0.047001360380355996,0.9630726069048445,-0.24480766570287307,0.23415658813421406,0.012117191120347178,16.610929366120526,13096,0.9919411237955243,0.9910259107437953,20,110.43192043789752,1.1521171257290115e-4,Fungicide.PRM,1350051,Discharge
Rel.Month6,-0.017044979140583894,0.1917523197555952,-0.08889060201362457,0.9305166953629872,-0.4310811638446878,0.39699120556352,0.034907637894722336,13.068156132452893,13096,0.9972394571462425,0.9968470044569538,20,316.1587102954924,1.1593234219358159e-4,Fungicide.PRM,1350051,Discharge
Sampling.Year2022-2023,-0.1324745494681018,0.1985218411930605,-0.6673046586308438,0.5053592158436698,-0.5239776835074212,0.2590285845712177,0.011535067514104701,196.80696800891502,13096,0.31425491158674324,0.3073214340119558,20,0.443671060578566,0.027299100540872794,Fungicide.PRM,1350051,Discharge
Sampling.Year2023-2024,-0.1369544217480247,0.1984348013556031,-0.6901734010991192,0.4908952012754084,-0.5282768851159747,0.2543680416199253,0.011503095116718784,197.54298869609815,13096,0.31365237155755626,0.30673852752861386,20,0.4424571964674906,0.02729812051648293,Fungicide.PRM,1350051,Discharge
(Intercept),30.126100955251054,14.986688489153174,2.010190641985736,0.044466389017186296,0.7453848649097239,59.506817045592385,10.477714849035934,4840.630830907598,13096,0.04937558993276819,0.048982902244149425,20,0.05150580610983351,213.59923127942852,Insecticide.PRM,1350051,Discharge
Discharge_cumecs,-1.0033505117070167,1.746142801518532,-0.5746096543962232,0.5725154884894192,-4.666188887872848,2.6594878644588142,2.8456449036602107,18.397375431122757,13096,0.9818375034024558,0.9799648277240336,20,48.9122236747409,0.06108753445176604,Insecticide.PRM,1350051,Discharge
Rel.Month2,1.5331879766294607,3.952644805808562,0.3878891354913507,0.7029004637484486,-6.804612666655038,9.870988619913959,14.72081843563231,17.041613096586754,13096,0.9904040085055364,0.9893402464746037,20,92.81079943523555,0.16654160347147856,Insecticide.PRM,1350051,Discharge
Rel.Month3,-0.16848537604438465,3.533673674543914,-0.04767994771507327,0.9625092389339442,-7.605638346133055,7.2686675940442855,11.732869049687341,17.565661136010963,13096,0.9879021779151083,0.9865989308078532,20,73.62091163487278,0.16733713599297778,Insecticide.PRM,1350051,Discharge
Rel.Month4,1.9438514061201264,5.405857305865189,0.35958244846957155,0.7240809791523003,-9.560171244978253,13.447874057218506,27.67327331367289,15.27886212488795,13096,0.9949302702721644,0.9943074098180439,20,174.66695792887552,0.16635623201950156,Insecticide.PRM,1350051,Discharge
Rel.Month5,-0.16755938870136602,3.3914519868411044,-0.049406386807626795,0.9611485357854679,-7.301256424624522,6.96613764722179,10.79767389315459,17.704948143383422,13096,0.9870882905194706,0.9857077243311493,20,68.96786398260194,0.16438899123615558,Insecticide.PRM,1350051,Discharge
Rel.Month6,1.850497148306117,6.530063813142495,0.2833811737921736,0.7810597132943005,-12.163978878325812,15.864973174938045,40.45363446415432,13.906052699549095,13096,0.99657968353141,0.9961207670714283,20,256.78292214285574,0.16541721635105952,Insecticide.PRM,1350051,Discharge
Sampling.Year2022-2023,-19.379720420151283,20.83988060334234,-0.929934330671891,0.3524258228218837,-60.229703277248674,21.470262436946104,6.914397595685033,10825.181120974914,13096,0.016898417448707383,0.016716801868556667,20,0.017001004288819344,427.04050608609504,Insecticide.PRM,1350051,Discharge
Sampling.Year2023-2024,-22.858198471637124,20.805978428758426,-1.098636074717932,0.27194985491547885,-63.64146275786385,17.9250658145896,5.571076792871384,11490.608163939956,13096,0.013684670170516527,0.013513011806298283,20,0.013698114590483514,427.0391077454459,Insecticide.PRM,1350051,Discharge
(Intercept),1.383778453644672,3.500133110652082,0.3953502366619626,0.693244930461594,-5.542073532982105,8.30963044027145,4.4677208892189215,127.5356520680357,13096,0.39237298487346545,0.3829183782277559,20,0.6205311659226264,7.559824858603152,PSII.PRM,1350051,Discharge
Discharge_cumecs,0.5510992666990839,0.8644825823809836,0.6374903068390689,0.5309434120852663,-1.2506782460941313,2.3528767794922993,0.677892249147428,20.263405143066425,13096,0.9565285166170959,0.9524396622600053,20,20.025923017343857,0.03554327363529471,PSII.PRM,1350051,Discharge
Rel.Month2,0.01946413018557739,2.972964964627848,0.0065470432437517425,0.9948519888364085,-6.249909287621142,6.288837547992296,8.325352223478363,17.10869995996893,13096,0.990126951593141,0.989036531140134,20,90.21200714681719,0.09690084625237938,PSII.PRM,1350051,Discharge
Rel.Month3,3.998858785973343,2.802525469337872,1.426876875776661,0.1713214075906859,-1.9038003954421616,9.901517967388848,7.3874145581492945,17.392674819481368,13096,0.9888193070183923,0.987603530293001,20,79.66812759082546,0.09736372023069896,PSII.PRM,1350051,Discharge
Rel.Month4,-1.1729148581024549,1.8997979940183953,-0.6173892496967748,0.5443156125207793,-5.149557972148809,2.803728255943899,3.3451804082484466,18.97742203562504,13096,0.9756223549107882,0.9731818353036297,20,36.28815939948873,0.09679298941544985,PSII.PRM,1350051,Discharge
Rel.Month5,0.45863007508790377,2.2825642623171256,0.2009275632057471,0.8429808692066207,-4.332663870419127,5.249924020594934,4.870905947498117,18.222605230481562,13096,0.9833718059798782,0.9816417393400291,20,53.471391300181196,0.09564836673430063,PSII.PRM,1350051,Discharge
Rel.Month6,12.19425804339445,2.650343268325898,4.601010815892167,2.3359583953667465e-4,6.617334975233509,17.771181111555393,6.598164579998527,17.614041136970798,13096,0.9876274615012773,0.9862980845639773,20,71.98249683916187,0.09624663096194873,PSII.PRM,1350051,Discharge
Sampling.Year2022-2023,2.4266871566972954,4.5029967621897695,0.5389049303951127,0.5903877098803343,-6.437972037985909,11.2913463513805,4.999272173638831,275.46212514616985,13096,0.2641995834910682,0.258876609024892,20,0.3493029800129287,15.027744057970772,PSII.PRM,1350051,Discharge
Sampling.Year2023-2024,5.3600429609614455,4.507938541801645,1.1890230781228106,0.23546743063072362,-3.5148379236141025,14.234923845536994,5.042456620534328,272.03583835987524,13096,0.2659178380629993,0.2605406526623821,20,0.3523393863373884,15.026930445099692,PSII.PRM,1350051,Discharge
(Intercept),38.34945847148429,11.244302444254563,3.410568033153492,7.602398128203383e-4,16.199544245536014,60.49937269743256,33.415553992420115,240.45105196757336,13096,0.28344178404349024,0.27750635149832376,20,0.38409521256529067,91.34800576582805,Total.PRM,1350051,Discharge
Discharge_cumecs,-1.7229003968593366,1.7937569129563342,-0.9604982617292233,0.349187753081054,-5.484086543081741,2.0382857493630673,2.9995347794869227,18.504931911606324,13096,0.9808167457951362,0.9788497300381166,20,46.28072037861345,0.06805234431736878,Total.PRM,1350051,Discharge
Rel.Month2,-9.239619808012737,7.373122239482862,-1.253148870709729,0.23158427942276041,-25.120582335382295,6.641342719356821,51.597525663544054,13.395713648165346,13096,0.9970035071777332,0.9965872037008092,20,292.0148512634957,0.18552961163552262,Total.PRM,1350051,Discharge
Rel.Month3,-8.057030504861743,7.4516665398018,-1.0812387352314405,0.29876664955284815,-24.11513821724143,8.001077207517945,52.705636547348654,13.32849507491519,13096,0.9970540157518467,0.9966428093784279,20,296.8681024468288,0.1864158456856376,Total.PRM,1350051,Discharge
Rel.Month4,-8.118798952598915,7.143556468570336,-1.1365205816345647,0.2753035433134658,-23.477533033368175,7.239935128170343,48.42388182317768,13.646399020029785,13096,0.996804703485977,0.9963683782828124,20,274.3590758826123,0.1853231053165204,Total.PRM,1350051,Discharge
Rel.Month5,-8.314077724911346,6.267382203277697,-1.3265630617777346,0.20503874940936792,-21.70515426957745,5.076998819754758,37.235188675845095,14.593676654014292,13096,0.9958677862106768,0.995337800386165,20,213.49103059263177,0.1831315723246441,Total.PRM,1350051,Discharge
Rel.Month6,3.604612027245479,6.250750268519964,0.5766686993398266,0.5729268092313462,-9.747540792760077,16.956764847251034,37.035811324107996,14.635064630450644,13096,0.9958185247485998,0.9952836404548365,20,211.0279402840452,0.18427702908899357,Total.PRM,1350051,Discharge
Sampling.Year2022-2023,-9.90770450965185,14.217482802025163,-0.6968676978628439,0.485979582058091,-37.79304344216821,17.977634422864515,18.68263938410392,1723.3371403145873,13096,0.09809308942778563,0.09704699827833944,20,0.1074773527451594,182.52004587257218,Total.PRM,1350051,Discharge
Sampling.Year2023-2024,-13.210472218275537,14.423999479225081,-0.9158674913502742,0.35993065920362943,-41.51112685700913,15.09018242045806,24.317402737729825,1136.6622863721936,13096,0.12426511322763727,0.1227255792248623,20,0.1398941725856147,182.51848810206909,Total.PRM,1350051,Discharge
(Intercept),6.039481480640155,2.263344806284517,2.668387717094906,0.012769199075558275,1.394080758995604,10.684882202284705,4.080067224832217,26.82711219062228,13096,0.847264156954915,0.8362866726943271,20,5.108238201847043,0.8386591260612688,OtherHerb.PRM,1350053,Discharge
Discharge_cumecs,-0.25372802755307705,0.18328752355327488,-1.3843169607740797,0.17994752610250586,-0.6335281982027827,0.12607214309662856,0.02922752676835575,22.319143694054443,13096,0.9203463500605858,0.9135147398621614,20,10.562663954600097,0.0029054131835187613,OtherHerb.PRM,1350053,Discharge
Rel.Month2,-3.2468073127687704,2.810075910649446,-1.1554162293140295,0.29189645864989067,-10.124688684796393,3.631074059258851,7.515476315209176,5.993265552519406,13096,0.999480396778047,0.9993317957509444,20,1495.548400303279,0.005276492642678355,OtherHerb.PRM,1350053,Discharge
Rel.Month3,-3.1267806411089105,2.640845355438391,-1.1840074749813787,0.27788538675458196,-9.469807846787498,3.2162465645696776,6.636956599299099,6.501339719432407,13096,0.9994045652913293,0.9992458110605008,20,1324.9276921562903,0.0052597620764665886,OtherHerb.PRM,1350053,Discharge
Rel.Month4,-2.8552092992265097,2.741976362076511,-1.0412961025908505,0.33667401753717136,-9.51429713783633,3.8038785393833114,7.155393170129836,6.192707539945063,13096,0.99945139573533,0.9992988511583059,20,1425.2306953024506,0.005271541550009872,OtherHerb.PRM,1350053,Discharge
Rel.Month5,-3.4816961723971658,2.7945103698829286,-1.2459056190738078,0.25897606732898504,-10.30968998419055,3.346297639396219,7.432395519161718,6.03619473295479,13096,0.9994742353740216,0.9993247896449216,20,1480.0199406431684,0.005272912263417501,OtherHerb.PRM,1350053,Discharge
Rel.Month6,-2.2571731889433306,2.679776743797686,-0.8422989691837327,0.43029403309485537,-8.73257117276234,4.2182247948756775,6.834287807750299,6.329143400446589,13096,0.9994309929490395,0.9992757204922539,20,1379.6824427656074,0.005201198461113516,OtherHerb.PRM,1350053,Discharge
Sampling.Year2022-2023,0.9526672377457548,1.6768632661478835,0.5681245793726741,0.5710667214624365,-2.3691545147912993,4.2744889902828085,1.0847620166701164,114.10075105004054,13096,0.41522951481848613,0.40506849536645345,20,0.6808657672549365,1.6728702958525252,OtherHerb.PRM,1350053,Discharge
Sampling.Year2023-2024,1.2195705118714415,1.6809015511120984,0.725545473537438,0.46962373008034075,-2.110750769837453,4.549891793580335,1.0976722758943356,112.52500044503789,13096,0.41817250051749194,0.40792229136177044,20,0.688967487561702,1.6728741348420055,OtherHerb.PRM,1350053,Discharge
(Intercept),2.139490139669158,0.9339959086977363,2.290684701876514,0.024395755237215662,0.2831087004349817,3.9958715789033343,0.38556839578489743,87.12170136550945,13096,0.4759815340455079,0.46408847120549357,20,0.8659796370670108,0.4675015418899679,Fungicide.PRM,1350053,Discharge
Discharge_cumecs,0.26268534421786693,0.10235724625384376,2.5663580628811853,0.016810121799805157,0.05163349196916192,0.473737196466572,0.00873103403094157,24.444544820615498,13096,0.8841274726625459,0.8750196243473681,20,7.001256155441406,0.0013094201281813641,Fungicide.PRM,1350053,Discharge
Rel.Month2,-0.8735369531507184,0.717989057189892,-1.2166438254221017,0.2431007626735515,-2.40797540056891,0.6609014942674729,0.4886954867398909,14.555448281409884,13096,0.9959125598778329,0.9953870282379571,20,215.77999597316298,0.0023780251675447456,Fungicide.PRM,1350053,Discharge
Rel.Month3,-1.2403696918907916,0.5454150309710664,-2.27417585042058,0.036810881230744254,-2.3949163583205584,-0.08582302546102505,0.28105435335451007,16.29193282077303,13096,0.9928574908890553,0.9920313820688356,20,124.492275905097,0.002370484986933661,Fungicide.PRM,1350053,Discharge
Rel.Month4,-1.2050095849148232,0.5079364534692447,-2.3723628746952814,0.029990854011433005,-2.2782414827699196,-0.13177768705972714,0.24345109235078374,16.6777239161705,13096,0.9917274107172359,0.9907914769599272,20,107.59504783213255,0.0023757937945911916,Fungicide.PRM,1350053,Discharge
Rel.Month5,-1.1055998307859185,0.6062953668651844,-1.8235333654326924,0.08733928903260964,-2.3930088761164403,0.1818092145446033,0.3478263431718684,15.682174998761422,13096,0.9942273079178536,0.9935352288475197,20,153.6845164992925,0.0023764115517267686,Fungicide.PRM,1350053,Discharge
Rel.Month6,-1.0517732847709442,0.7363281982116131,-1.4284028335808423,0.1746260991615826,-2.6277550508445193,0.5242084813026309,0.5141286896346869,14.318084815990643,13096,0.996175838033707,0.9956765377605683,20,230.29611052910474,0.002344091365139218,Fungicide.PRM,1350053,Discharge
Sampling.Year2022-2023,-0.7306298110274558,1.080225209801716,-0.6763680428839175,0.49915257494577625,-2.8535105656399926,1.392250943585081,0.22275051245540997,452.487941981794,13096,0.20394848697136572,0.20043769235332232,20,0.250684268676025,0.9329984658129811,Fungicide.PRM,1350053,Discharge
Sampling.Year2023-2024,-0.977285322863885,1.0949192265009744,-0.8925638523920972,0.37266738006849465,-3.130287322739074,1.175716677011304,0.25318849198236326,372.2657584951865,13096,0.22590050469916984,0.22175279236455014,20,0.2849387574910832,0.9330001959800108,Fungicide.PRM,1350053,Discharge
(Intercept),53.18212824375566,12.52774243789716,4.245148597793373,2.3020307625519347e-5,28.610772258973313,77.75348422853801,14.590672225667298,1706.0544827268375,13096,0.0986715459538782,0.09761554163396176,20,0.10817511397604937,141.62412475333883,Insecticide.PRM,1350053,Discharge
Discharge_cumecs,-0.18330194652620893,1.0566179092535843,-0.17347987850754587,0.8638158144911177,-2.3709940726864045,2.0043901796339862,0.9648645205173215,22.642456703855114,13096,0.914662710059128,0.9074437233852976,20,9.804237557684454,0.10333365961222808,Insecticide.PRM,1350053,Discharge
Rel.Month2,-1.5221148662989028,6.518491501756728,-0.233507225696113,0.8186551548730162,-15.466819237438008,12.422589504840202,40.288636384410445,14.396858151185247,13096,0.9960911741342303,0.9955834308235643,20,225.42009216914775,0.18766325484370822,Insecticide.PRM,1350053,Discharge
Rel.Month3,-19.6332417990448,5.858817683090869,-3.3510586710537673,0.00432981874522599,-32.11133774383382,-7.155145854255778,32.51302516823104,15.134772510921952,13096,0.9951512390410534,0.9945502065869962,20,182.49319400142923,0.187068217055674,Insecticide.PRM,1350053,Discharge
Rel.Month4,-13.3880397114555,7.047338620681781,-1.8997298742202768,0.07857054394112345,-28.523688299947594,1.7476088770365958,47.121423304588944,13.79968049220744,13096,0.9966743803331856,0.9962249625679082,20,263.8980355794438,0.18748716473459198,Insecticide.PRM,1350053,Discharge
Rel.Month5,-12.932333695082034,6.4398305235471085,-2.0081791978523693,0.06365110626328174,-26.70128404011227,0.8366166499482013,39.31798214914925,14.483268477426265,13096,0.9959952483042951,0.9954779477483378,20,220.13853276074104,0.18753591540230882,Insecticide.PRM,1350053,Discharge
Rel.Month6,-18.468820768509932,6.741745186353061,-2.7394717922438447,0.015896960165873216,-32.91969240193027,-4.017949135089593,43.110612198902416,14.090769609585108,13096,0.9964062949118243,0.9959300163413937,20,244.70123221144058,0.18498534886712026,Insecticide.PRM,1350053,Discharge
Sampling.Year2022-2023,-15.627428132677492,17.475318951366567,-0.8942571049013918,0.3712624532486912,-49.89347681114206,18.63862054578707,21.234970048739598,2755.2207070838012,13096,0.07368357320274166,0.07301140901471673,20,0.07876192838265023,283.09005390081495,Insecticide.PRM,1350053,Discharge
Sampling.Year2023-2024,-19.430949568700925,17.27632538254452,-1.1247154205797358,0.26076911200557673,-53.30095599655455,14.4390568591527,14.648788843417371,4539.40428984673,13096,0.05195094283524646,0.05153333726682394,20,0.05433331427624607,283.0901904379639,Insecticide.PRM,1350053,Discharge
(Intercept),0.2899947276677895,0.44799077485684907,0.6473229895424841,0.5180275246210265,-0.5923994018752208,1.1723888572107999,0.05247225904689516,245.59300788032388,13096,0.2803610332456324,0.27452437978217636,20,0.37840607200521853,0.14559986235760008,PSII.PRM,1350053,Discharge
Discharge_cumecs,-0.02901416868696904,0.04628728154579195,-0.6268280987351862,0.534003317042407,-0.12229378307304456,0.06426544569910647,0.0013327475179093298,44.10499550495617,13096,0.6678779711583485,0.6531513527373286,20,1.8831019174847516,7.431275390946161e-4,PSII.PRM,1350053,Discharge
Rel.Month2,0.004174832416837367,0.06542042170144614,0.0638154311491557,0.9494339505275864,-0.1280306035263383,0.13638026836001302,0.002790709404632759,40.138090175569836,13096,0.6992834548445563,0.6846635955427735,20,2.171216471885802,0.0013495867007306478,PSII.PRM,1350053,Discharge
Rel.Month3,-0.005905781109443522,0.0664523943716559,-0.08887235990946518,0.9296391882157871,-0.14032810472020954,0.12851654250132252,0.002924393572906864,38.91245804567359,13096,0.7098880433232319,0.6953506296492967,20,2.2824620607251864,0.0013453074661738775,PSII.PRM,1350053,Discharge
Rel.Month4,1.3123211726522956,1.4963769993497158,0.8769990271319288,0.41667707459714526,-2.418053505739457,5.042695851044049,2.131234098895388,5.574240382621769,13096,0.9995382988423022,0.9993978411982773,20,1659.6914939035485,0.0013483203427023197,PSII.PRM,1350053,Discharge
Rel.Month5,0.012587158337311817,0.07550816578346191,0.1666992994295288,0.8686471946272778,-0.14116964091854517,0.16634395759316878,0.0041455353954191155,32.25838415750939,13096,0.7768705490005642,0.763452612041107,20,3.227482740894941,0.0013486709347926957,PSII.PRM,1350053,Discharge
Rel.Month6,0.06915899845591199,0.36148271656370023,0.19132034613811152,0.850550336108356,-0.693743196228767,0.832061193140591,0.12318040564357051,16.929986474727258,13096,0.990840816465366,0.9898191555123538,20,97.22367891125533,0.0013303284485234157,PSII.PRM,1350053,Discharge
Sampling.Year2022-2023,-0.3495166829320322,0.6557529219027832,-0.5330005727124291,0.5947062841147568,-1.6436774206785,0.9446440548144357,0.1332855609211059,175.8077625790679,13096,0.3330006493414659,0.3254557390849351,20,0.48248240766800443,0.29006205561687654,PSII.PRM,1350053,Discharge
Sampling.Year2023-2024,-0.38314852829267,0.656646515930328,-0.5834928214761489,0.5603176971996868,-1.6791727116460957,0.9128756550607556,0.13440153271904495,173.87402131532173,13096,0.334894791088384,0.32728811281897613,20,0.4865204838143499,0.2900630375284413,PSII.PRM,1350053,Discharge
(Intercept),54.6886659473945,12.22536417124718,4.473377249245197,9.070213657038526e-6,30.683231809664097,78.6941000851249,23.450420496685492,657.924859446026,13096,0.16727407745692716,0.16474654822318976,20,0.19724138568087235,124.83658759809451,Total.PRM,1350053,Discharge
Discharge_cumecs,-0.11253851807623949,1.1040784743539984,-0.10192981811558849,0.9197145700968663,-2.3992008522802437,2.1741238161277647,1.0561704429530436,22.519083706074028,13096,0.9168257613950619,0.9097528465107582,20,10.080681897841888,0.11001031243115711,Total.PRM,1350053,Discharge
Rel.Month2,-1.098565317732782,3.78859345447863,-0.289966535320418,0.7752212401149761,-9.069496369612281,6.872365734146716,13.47966828970057,17.648102474698938,13096,0.98742901456828025,0.9860807824413093,20,70.84311875171619,0.1997886591327224,Total.PRM,1350053,Discharge
Rel.Month3,-18.71718327188844,4.780387966275764,-3.915410925626264,0.0011666931722170318,-28.824617285215066,-8.609749258561816,21.574241841606966,16.53400753515779,13096,0.9921773275900052,0.9912850418539224,20,113.74524412375727,0.19915517442681308,Total.PRM,1350053,Discharge
Rel.Month4,-13.81991392799007,6.769243146502448,-2.041574460969183,0.06003143136322797,-28.305728464285874,0.6659006083057335,43.450525319124196,14.3458453408474,13096,0.996146296934356,0.9956440498466198,20,228.57103841604393,0.19960119138995006,Total.PRM,1350053,Discharge
Rel.Month5,-14.680065623537088,6.4361046193265405,-2.2808929456266633,0.03789727197752728,-28.421705336838983,-0.9384259102351908,39.2607519799553,14.712231132226885,13096,0.9957244258889634,0.995180190754557,20,206.47709070550093,0.19965309196336323,Total.PRM,1350053,Discharge
Rel.Month6,-17.99808052082314,5.792527768626715,-3.107120283186852,0.007039479629385037,-30.318170366819913,-5.677990674826367,31.76803830812377,15.378158925332873,13096,0.9947693489273594,0.9941306140003767,20,169.3755725154541,0.19693772678162585,Total.PRM,1350053,Discharge
Sampling.Year2022-2023,-15.479874824077815,16.684823053075668,-0.9277817795750771,0.35366666380406664,-48.20733781478528,17.24758816662965,27.503392520094376,1534.6968998858997,13096,0.10490240431436891,0.10373668262052146,20,0.11574353274195119,249.5047581663461,Total.PRM,1350053,Discharge
Sampling.Year2023-2024,-17.992499497406282,16.313337075694072,-1.1029318780039226,0.2701328496053957,-49.977152973961566,13.992153979149002,15.82863144733754,3487.5386092435538,13096,0.06298929381573234,0.062452099986945994,20,0.06661216988068178,249.50490352551043,Total.PRM,1350053,Discharge
(Intercept),4.050391214076657,1.1670751559947743,3.4705487416740053,5.863779858104997e-4,1.7547870509170682,6.345995377236246,0.3015590264967076,339.6966759069101,13095,0.23694779440420904,0.23246843044467172,20,0.30287800484786964,1.0454274419186838,OtherHerb.PRM,1360106,Discharge
Discharge_cumecs,1.8748085981406534e-4,6.84414946143008e-4,0.2739286464601715,0.7877289104193665,-0.001266292147489361,0.0016412538671174916,4.4329166040449617e-7,15.619464606680376,13095,0.9943452607277958,0.9936647647664602,20,156.84733528217282,2.9675750792154165e-9,OtherHerb.PRM,1360106,Discharge
Rel.Month2,0.6861932888461422,0.443429556455225,1.5474685411851432,0.1409792205358117,-0.2525666008496885,1.6249531785419729,0.18578556449850356,16.270550649656137,13095,0.9929128227094709,0.9920920987575488,20,125.45580279022624,0.0015549288146488687,OtherHerb.PRM,1360106,Discharge
Rel.Month3,2.050617700800739,1.0429429348686616,1.9661839897874898,0.07894043288324161,-0.2875584225823715,4.38879382418385,1.0344133370316242,9.566458452867913,13095,0.9987662764066072,0.9985327594531461,20,680.5515030199151,0.0015959615092517425,OtherHerb.PRM,1360106,Discharge
Rel.Month4,0.6227465070650855,0.562109714304493,1.1078735898304468,0.28562115710527,-0.5769212017422451,1.8224142158724161,0.29944284740253463,14.779433475179992,13095,0.9956396788764952,0.9950870201095802,20,202.5424573892437,0.0015523411428173912,OtherHerb.PRM,1360106,Discharge
Rel.Month5,1.7559815398818097,1.3044206870079358,1.346177316391431,0.21763737934323718,-1.2891608368362215,4.801123916599841,1.6189653945212459,7.4753964012577985,13095,0.9992393531158218,0.9990598578218753,20,1062.6689037765689,0.001599664446946801,OtherHerb.PRM,1360106,Discharge
Rel.Month6,0.07114731945370263,0.5640479434685312,0.1261370071065103,0.9013232495032507,-1.132646601763964,1.2749412406713694,0.30151083271479545,14.780876683203308,13095,0.9956378396680805,0.9950849983501375,20,202.45873129625107,0.0015637081805441376,OtherHerb.PRM,1360106,Discharge
Sampling.Year2022-2023,-1.3725125664438025,1.5706709448812837,-0.8738383879301602,0.3824839496361476,-4.455910832035643,1.7108856991480388,0.35968490863298347,755.485267640264,13095,0.15532114772981923,0.1530879810353639,20,0.18076019422007553,2.089338063029632,OtherHerb.PRM,1360106,Discharge
Sampling.Year2023-2024,-1.837959753636621,1.5361492042370353,-1.1964721581517774,0.23173283841457243,-4.8515925218312566,1.1756730145580143,0.2575382890033287,1286.3124042615557,13095,0.11596809358981991,0.1145946400233295,20,0.1294261873751803,2.0893391742245813,OtherHerb.PRM,1360106,Discharge
(Intercept),4.434018734690835e-4,0.00135722438296981,0.3266975446601202,0.748875143893176,-0.002475895524080934,0.003362699271019101,1.7480646656328235e-6,13.586160728355487,13095,0.9968538053338303,0.9964224108463071,20,278.5178420551101,6.590126813316621e-9,Fungicide.PRM,1360106,Discharge
Discharge_cumecs,2.867403543655404e-8,1.5388446917886311e-7,0.1863348237126231,0.8525527186347783,-2.765593427009915e-7,3.3390741357409955e-7,9.672762827689434e-15,101.88144685540469,13095,0.4397847827528884,0.4288942823882411,20,0.7509892987620307,1.3524028885386569e-14,Fungicide.PRM,1360106,Discharge
Rel.Month2,9.044653466433838e-7,9.572453145137575e-5,0.009448626521643683,0.9924664798187881,-1.8735076592141285e-4,1.8915969661469962e-4,1.9780588266292006e-9,356.78788663433585,13095,0.23096256121333902,0.2266637156262461,20,0.29309851381123014,7.086224153624764e-9,Fungicide.PRM,1360106,Discharge
Rel.Month3,-2.9964363246142366e-5,1.057532172513573e-4,-0.28334233250722013,0.7772984117633014,-2.3889357124044406e-4,1.7896484474815932e-4,3.7243065744020924e-9,152.61730792883904,13095,0.3580194619984909,0.3496612822249084,20,0.5376602571367012,7.2732210558905775e-9,Fungicide.PRM,1360106,Discharge
Rel.Month4,-2.3674824810393336e-5,9.474250208879266e-5,-0.2498859992973934,0.8028017060455785,-2.0992108197149975e-4,1.625714323507131e-4,1.8111526258736881e-9,406.6164360327853,13095,0.21571094326177082,0.21186277136580167,20,0.26881457145851245,7.074431444877509e-9,Fungicide.PRM,1360106,Discharge
Rel.Month5,-2.8101944282034094e-5,1.1465234677853461e-4,-0.24510570495618833,0.8069059417936587,-2.5573048716798067e-4,1.995265986039125e-4,5.576251708603478e-9,94.52170459232488,13095,0.4567895077363622,0.44541595667627604,20,0.8031532137254012,7.290096327791703e-9,Fungicide.PRM,1360106,Discharge
Rel.Month6,-4.1161919575822323e-5,1.2986122161325555e-4,-0.3169685227388985,0.7524377606888331,-3.0126411490083546e-4,2.189402757491908e-4,9.274002685654974e-9,56.403797539639875,13095,0.5916547300602218,0.577427613129228,20,1.3664584603011758,7.126234058949347e-9,Fungicide.PRM,1360106,Discharge
Sampling.Year2022-2023,1.2453043548685361e-5,9.820666973477799e-5,0.1268044582136498,0.8992625198927173,-1.8157109090972452e-4,2.0647717800709522e-4,3.2160496991494393e-9,152.21377723590857,13095,0.358504473854205,0.3501306116896026,20,0.5387707406866955,6.2676977962888475e-9,Fungicide.PRM,1360106,Discharge
Sampling.Year2023-2024,2.345958564729277e-5,1.267103933607276e-4,0.1851433416397537,0.8538557038537843,-2.3096229955280558e-4,2.7788147084739114e-4,9.316916165763881e-9,50.6706142857399,13095,0.6238670525162681,0.6093081798307719,20,1.5595621622353142,6.272761811578245e-9,Fungicide.PRM,1360106,Discharge
(Intercept),2.3586318709503438,1.633202674428416,1.4441758563589246,0.15100409147112037,-0.8713120645479031,5.58857580644859,0.9446959106323958,135.13129567029011,13095,0.3809731410416846,0.3718785848500268,20,0.5920488871745208,1.6754202695961153,Insecticide.PRM,1360106,Discharge
Discharge_cumecs,0.00213367698261267,7.796928703641785e-4,2.7365608481402086,0.012970534839052507,5.037201172945706e-4,0.0037636338479307696,5.604228808704253e-7,19.343477544793053,13095,0.970829210273335,0.9679613830139653,20,30.21233355471906,1.9476947182785018e-8,Insecticide.PRM,1360106,Discharge
Rel.Month2,-0.3671654747830343,1.5807479161297768,-0.23227326193918613,0.819662387356449,-3.75519448017695,3.0208635306108818,2.3700557928981323,14.103739913150127,13095,0.9963934009704319,0.995915824019252,20,243.8474318231701,0.01020539180559284,Insecticide.PRM,1360106,Discharge
Rel.Month3,-1.2468849741528318,1.264063290377504,-0.9864102404084989,0.33886766855727257,-3.930398797892774,1.4366288495871102,1.5117917164787398,15.724600294161515,13095,0.9941447271536763,0.9934445283156368,20,151.5443245198194,0.010474699777325375,Insecticide.PRM,1360106,Discharge
Rel.Month4,-1.2119635655065593,1.150375603491328,-1.0535372636800668,0.30755973381164703,-3.648258208871945,1.2243310778588263,1.2506434484270001,16.195696706312635,13095,0.9931032749786194,0.9923011295187207,20,128.88918341094666,0.010188408259686602,Insecticide.PRM,1360106,Discharge
Rel.Month5,-0.6824774437371192,1.637876396630955,-0.41668433902640484,0.6832543498022251,-4.1967905737017785,2.8318356862275404,2.5448953214715395,13.940058978351374,13095,0.9965483781547878,0.9960863154748194,20,254.51369650926299,0.010499003095685518,Insecticide.PRM,1360106,Discharge
Rel.Month6,-0.728480684205549,1.7939841948144848,-0.40606861883801654,0.69123975848754,-4.600690250333945,3.1437288819228466,3.0553488364149097,13.115198542761691,13095,0.9972068839199513,0.9968111238360124,20,312.59010152013315,0.010263013008519813,Insecticide.PRM,1360106,Discharge
Sampling.Year2022-2023,-0.600678636558555,2.0102227418331258,-0.29881197941815896,0.7651873151815011,-4.548632998464493,3.3472757253473824,0.6667716303721573,598.0205059222637,13095,0.17600306462713639,0.17325191695447292,20,0.20955829291585107,3.3408852598923255,Insecticide.PRM,1360106,Discharge
Sampling.Year2023-2024,-1.3139219595983356,2.0520254235960977,-0.6403049126436926,0.5223179193746335,-5.347253299432377,2.7194093802357058,0.8284912248885221,426.88069007903476,13095,0.2102824594931301,0.2065911616205339,20,0.26038424533119064,3.340892552951796,Insecticide.PRM,1360106,Discharge
(Intercept),-0.016153408342604567,0.08292145278492262,-0.194803730519561,0.8458577591822302,-0.18023932523785505,0.14793250855264592,0.002512353232701028,127.05423701668172,13095,0.39312921636235176,0.3836508765935772,20,0.6224570815858799,0.004237996437626071,PSII.PRM,1360106,Discharge
Discharge_cumecs,1.9394695285543102e-4,9.692010050626687e-5,2.001101441727151,0.060436061289743874,-9.434209747609666e-6,3.9732811545847174e-4,8.775335567690145e-9,18.301796054332243,13095,0.9826944746746592,0.9809013228584627,20,51.35964735092122,1.7940353607021765e-10,PSII.PRM,1360106,Discharge
Rel.Month2,0.11038890667487364,0.15802447651143034,0.69855574979164,0.49644376105396604,-0.22902884637755364,0.44980665972730094,0.023693078659075377,13.788253491491632,13095,0.9966840922279053,0.9962356406546343,20,264.64945273652046,9.400258468245127e-5,PSII.PRM,1360106,Discharge
Rel.Month3,0.02021898095300933,0.014257174903314357,1.4181618090628203,0.16070409640880473,-0.008230077582106799,0.04866803948812545,1.0169889218438158e-4,68.09134365262061,13095,0.5386912868166457,0.5253376975304759,20,1.106760943090073,9.648319943009603e-5,PSII.PRM,1360106,Discharge
Rel.Month4,0.010893087781793431,0.014525613705476852,0.7499227228992201,0.45618444379973533,-0.01815277369343271,0.039938949257019574,1.1156886236104752e-4,60.98943871138039,13095,0.5691194661957799,0.555217726068389,20,1.2482910372317544,9.384614804163706e-5,PSII.PRM,1360106,Discharge
Rel.Month5,0.061554543855744624,0.1835219504664247,0.3354069837384712,0.7428068880561882,-0.33597438196137286,0.45908346967286207,0.03198438023237038,12.669520274363757,13095,0.9974951615781016,0.9971286763801395,20,347.2714358921868,9.67070590119459e-5,PSII.PRM,1360106,Discharge
Rel.Month6,0.032280721950735114,0.059043817075152494,0.5467248485924847,0.5909316199893894,-0.09129955247769198,0.1558609963791622,0.003230132378239933,18.99967056884866,13095,0.9753485310181608,0.9728833435144989,20,35.87770284417943,9.453333765213921e-5,PSII.PRM,1360106,Discharge
Sampling.Year2022-2023,-0.00683940500311782,0.1173863982133852,-0.058264033203277416,0.9536336113698789,-0.23921678769445462,0.22553797768821895,0.0051383546580789875,122.03759047843826,13095,0.4012739277919349,0.391541518860975,20,0.6434975121523744,0.008384294094528505,PSII.PRM,1360106,Discharge
Sampling.Year2023-2024,-0.009134518144495637,0.11370173149764841,-0.08033754652790454,0.9360751194410026,-0.2337853377745993,0.21551630148560802,0.004327354737276665,151.07818239966053,13095,0.35987971013653697,0.3514614047654058,20,0.5419282789766314,0.008384361271422835,PSII.PRM,1360106,Discharge
(Intercept),5.932817051794811,2.5248316163469036,2.349787214871307,0.019095680023567315,0.9745931117312896,10.891040991858333,1.0301247653079182,622.1995495988571,13095,0.1723298015055137,0.16967360511054763,20,0.20434567196088899,5.293143687331603,Total.PRM,1360106,Discharge
Discharge_cumecs,0.002201562837782938,7.315370948131434e-4,3.0095026669088916,0.006905509903425912,6.759823586036174e-4,0.003727143316962258,4.871231321987276e-7,20.077838025051534,13095,0.9596070372934966,0.9557742948026874,20,21.61128444506446,2.3667232278989995e-8,Total.PRM,1360106,Discharge
Rel.Month2,1.22029935114029,1.4303592086136088,0.8531418847738803,0.40658763828126365,-1.8202129941058258,4.260811696386406,1.9366918839767104,15.480790682014474,13095,0.9945946535823549,0.9939386964111321,20,163.98101197844312,0.012400987490203273,Total.PRM,1360106,Discharge
Rel.Month3,0.28015004674238714,1.2454021238812893,0.2249474618441319,0.8248037289199811,-2.355112182198416,2.9154122756831904,1.4650459196057914,16.372414818883776,13095,0.992640888252886,0.9917936701978445,20,120.85715467313375,0.012728234581945202,Total.PRM,1360106,Discharge
Rel.Month4,0.40445868149789965,1.3033394597004475,0.3103248953966745,0.7603099052977967,-2.357947074118851,3.1668644371146497,1.6060127591626892,16.03932630014713,13095,0.9934774310254416,0.9927118410179891,20,136.2088620004406,0.012380350091430679,Total.PRM,1360106,Discharge
Rel.Month5,0.11904512418689214,2.1432341545751408,0.05554461883353608,0.9565808124857298,-4.52903698547233,4.7671272338461135,4.362566547431318,12.52518064731206,13095,0.99758040978566,0.9972226193387248,20,359.0514736575044,0.012757766534534164,Total.PRM,1360106,Discharge
Rel.Month6,-0.5634439218213912,1.4894015324003873,-0.3783022305028244,0.7104245276515687,-3.7337224321320344,2.606834588489252,2.100805637480444,15.237584543684186,13095,0.9949946784737567,0.9943781678698823,20,176.87795452709028,0.01247100536215565,Total.PRM,1360106,Discharge
Sampling.Year2022-2023,-2.2442700710197947,3.5186413130475436,-0.6378229183798224,0.5237656518150735,-9.150796080036779,4.662255937997189,1.7206156007760671,826.3543472172314,13095,0.14798242150588364,0.1459228019937367,20,0.17085434704775546,10.57419030907007,Total.PRM,1360106,Discharge
Sampling.Year2023-2024,-3.25272013957514,3.433392792712944,-0.9473778084694343,0.3435935480979331,-9.987290280404679,3.481850001254398,1.1561779979900537,1554.40459238769,13095,0.10413528836614971,0.1029833505153573,20,0.11480650952746939,10.574199171163633,Total.PRM,1360106,Discharge
(Intercept),12.101689884878894,3.5960758883529524,3.3652487490806595,0.0024646971757404552,4.696551651274623,19.506828118483163,10.644879291902674,25.07470601924246,13096,0.8739815391597718,0.86431558467137,20,6.370043181289337,1.7546385382956677,OtherHerb.PRM,1370040,Discharge
Discharge_cumecs,-0.16602796567600328,0.16112067104057315,-1.0304572628933155,0.3161386812704315,-0.5039808359756545,0.17192490462364787,0.024223322652830906,18.417430885439213,13096,0.9816516533603962,0.979761769292019,20,48.41143395532317,5.253818510921376e-4,OtherHerb.PRM,1370040,Discharge
Rel.Month2,-6.515429570463618,3.464929138832287,-1.8803933094745415,0.09357185512421717,-14.383748149706811,1.3528890087795746,11.419810462632002,8.77954931030069,13096,0.9989673643782095,0.9987561817175314,20,802.9759618385607,0.014932951365453662,OtherHerb.PRM,1370040,Discharge
Rel.Month3,-7.1519665231245595,3.5938009617783337,-1.9900842031010881,0.07976413977365068,-15.359456481414092,1.0555234351649743,12.286047271943229,8.472927532466258,13096,0.9990374941540168,0.9988342822445654,20,856.840583913217,0.015055717338485652,OtherHerb.PRM,1370040,Discharge
Rel.Month4,-6.837898110972791,3.5578380175304325,-1.9219250784551216,0.08854792815307255,-14.953284770839918,1.2774885488943362,12.041193232098772,8.537223164276444,13096,0.9990231332075619,0.9988182797034314,20,845.2239354809124,0.014958465281168357,OtherHerb.PRM,1370040,Discharge
Rel.Month5,-7.378814207673164,3.290572033410163,-2.242410782305889,0.05069240589747709,-14.784985366486529,0.027356951140200536,10.297913048826622,9.310068983900594,13096,0.9988354543572826,0.9986095498275387,20,718.1915394061881,0.01505560579314002,OtherHerb.PRM,1370040,Discharge
Rel.Month6,-7.216445829685972,3.822535414873577,-1.887868926369291,0.09663562109378251,-16.06873847838756,1.6358468190156135,13.901905199088407,7.80978587369406,13096,0.9991758278252124,0.9989887240325429,20,987.8497622607731,0.014776538919882337,OtherHerb.PRM,1370040,Discharge
Sampling.Year2022-2023,-1.8268178869984826,2.5278438963484176,-0.7226782831160586,0.4717212987888093,-6.847721482231922,3.1940857082349563,2.7558641537014874,91.47027461264712,13096,0.46442560798641713,0.45284189864291025,20,0.8276253198476792,3.496337402919387,OtherHerb.PRM,1370040,Discharge
Sampling.Year2023-2024,-1.1134199116810273,2.6399972453341105,-0.42175040661457813,0.6744036390790743,-6.371849101189256,4.145009277827202,3.3078085304829763,75.6273821261836,13096,0.5110970479684335,0.49833651933060313,20,0.9933681412600446,3.4963864983645663,OtherHerb.PRM,1370040,Discharge
(Intercept),0.6972055493268488,0.5852462979931295,1.1913027928884627,0.23387964466152267,-0.45155271716907963,1.8459638158227771,0.04781332056053085,819.5099414121814,13096,0.14865049286583637,0.14657532116061875,20,0.171749569464003,0.29230924272610564,Fungicide.PRM,1370040,Discharge
Discharge_cumecs,0.01525658838424738,0.015678599938621633,0.9730835944519065,0.3423758386318768,-0.017492518241701165,0.04800569501019592,2.2571264483666763e-4,19.588317569128165,13096,0.9672959315745744,0.9641189776233233,20,26.869885910776635,8.820218956845244e-6,Fungicide.PRM,1370040,Discharge
Rel.Month2,0.1951716087541228,0.2234334865848021,0.8735110020316816,0.3962851813644239,-0.2814676594515434,0.671810876959789,0.047306500435907284,14.856108820907584,13096,0.9955407356422115,0.9949782692252419,20,198.1345304743392,2.506974697382986e-4,Fungicide.PRM,1370040,Discharge
Rel.Month3,-0.01617313621626399,0.24523751150767145,-0.06594886776021648,0.9483372631087351,-0.5414192863887604,0.5090730139562323,0.05703683672404036,14.21225292319931,13096,0.9962856077047347,0.9957972655355614,20,236.94032396323885,2.5275849023289964e-4,Fungicide.PRM,1370040,Discharge
Rel.Month4,-0.19135337321561355,0.18633165461271714,-1.0269504320848428,0.31970347168205826,-0.586323726969534,0.20361698053830699,0.03282700924580136,16.017518337778277,13096,0.9935276731569723,0.9927670067995681,20,137.2553491050267,2.5112580262148115e-4,Fungicide.PRM,1370040,Discharge
Rel.Month5,-0.023364101036483585,0.22818245398115747,-0.1023921893591911,0.9198255902654893,-0.5104790370025778,0.4637508349296106,0.04934711970216803,14.737517697295528,13096,0.9956929349418454,0.995145572245771,20,204.9975038517867,2.5275661758661377e-4,Fungicide.PRM,1370040,Discharge
Rel.Month6,-0.11467600724737868,0.1912827752247786,-0.599510369465424,0.5573184651461209,-0.5205386505653953,0.2911866360706379,0.03461050334511925,15.82664800979517,13096,0.9939403170651189,0.9932200686910692,20,146.49411969451012,2.4807158531795387e-4,Fungicide.PRM,1370040,Discharge
Sampling.Year2022-2023,-0.5704568411996587,0.7976356929098763,-0.7151846968113471,0.47456710189197826,-2.1346125347892975,0.9936988523899801,0.04935375910876345,2313.094875842867,13096,0.08224492901513877,0.08145174194181225,20,0.08867442861848254,0.584401251539617,Fungicide.PRM,1370040,Discharge
Sampling.Year2023-2024,-0.5705983008191442,0.7921581246914146,-0.7203085886942344,0.47139064719615353,-2.1238208968767105,0.9826242952384221,0.04105944642908022,3026.3169841295835,13096,0.06931831861784692,0.06870346283217191,20,0.07377184397260453,0.5844020757640843,Fungicide.PRM,1370040,Discharge
(Intercept),35.302591914375085,6.3857487411112315,5.528340269183817,5.079747390648999e-8,22.758113511328354,47.84707031742182,7.167549216984682,530.1093718238747,13096,0.18761865477279424,0.18455946814071725,20,0.22633099647365323,33.25186030676976,Insecticide.PRM,1370040,Discharge
Discharge_cumecs,0.08429917120691365,0.17175310173338715,0.49081600481237014,0.6284325654829934,-0.2719627361817847,0.440561078595612,0.02587307296216826,21.928049459783402,13096,0.9272768105440714,0.9209332103539648,20,11.647535134242611,0.0023324013447625636,Insecticide.PRM,1370040,Discharge
Rel.Month2,-6.110804364096048,3.61236533777887,-1.691635200954893,0.11152258325210933,-13.815050961044312,1.5934422328522153,12.364656560004072,14.896276097237282,13096,0.9954874371812157,0.9949196862449359,20,195.83823641860258,0.06629394558197235,Insecticide.PRM,1370040,Discharge
Rel.Month3,-18.11288112240844,3.889995679603529,-4.656272812173024,3.448352939573678e-4,-26.434546482266974,-9.791215762549905,14.347835647188738,14.397251266133566,13096,0.9960907450705733,0.9955829589908559,20,225.39590574998664,0.06683895778594491,Insecticide.PRM,1370040,Discharge
Rel.Month4,-11.855535857787395,4.137261186269413,-2.8655517077657806,0.012530295746148949,-20.73468251772708,-2.976389197847711,16.238593247928232,13.906442066623478,13096,0.9965793302053022,0.9961203783267238,20,256.75709185467065,0.06640721308673944,Insecticide.PRM,1370040,Discharge
Rel.Month5,-6.936104136418426,4.387986033268997,-1.58070333037298,0.13714322443953073,-16.382608747547245,2.5104004747103916,18.273888538644513,13.464882489876025,13096,0.9969503341753346,0.9965286693845145,20,287.07397242400805,0.06683846258704601,Insecticide.PRM,1370040,Discharge
Rel.Month6,-15.483644353859772,5.372736104455625,-2.8818918429697566,0.014178664988424232,-27.231492089371525,-3.7357966183480187,27.429232082140956,11.628081805378358,13096,0.9980381765302773,0.997727468459177,20,439.03789696043776,0.06559956187299994,Insecticide.PRM,1370040,Discharge
Sampling.Year2022-2023,-1.9586298386024537,8.729948179631586,-0.22435755611611316,0.8225227159136788,-19.088747442634464,15.171487765429555,9.300685251291696,1050.659435131629,13096,0.12979379759115586,0.1281388774271963,20,0.1469716610933024,66.44627570519656,Insecticide.PRM,1370040,Discharge
Sampling.Year2023-2024,-10.948319731849452,8.610798669328684,-1.27146390855089,0.20375665417018574,-27.83851900470654,5.941879541007637,7.332723868780813,1532.0008371814556,13096,0.10500837012485807,0.1038407365421907,20,0.11587308280620084,66.4464936614928,Insecticide.PRM,1370040,Discharge
(Intercept),0.15599635308800203,0.21203467253706523,0.7357115287865607,0.46488125504238265,-0.2684678971506144,0.5804606033266184,0.024422034907191744,57.80339229452088,13096,0.5845026719310189,0.570370925041726,20,1.3275892119198898,0.019315565705349154,PSII.PRM,1370040,Discharge
Discharge_cumecs,0.051454122906556675,0.015582295766315464,3.3020887087630566,0.0036856945447275957,0.01887594731561007,0.08403229849750328,2.2393706360579355e-4,19.314837940024592,13096,0.9712273460066577,0.9683946722655935,20,30.64023510224096,7.674024562849586e-6,PSII.PRM,1370040,Discharge
Rel.Month2,0.4074485307379327,0.2857826277139237,1.425728827526213,0.17872268907088948,-0.21324634629355727,1.0281434077694227,0.07757484873028664,12.353785868037491,13096,0.9976772041179199,0.9973293183715055,20,373.4362447888318,2.1811913627414712e-4,PSII.PRM,1370040,Discharge
Rel.Month3,-0.02583673956880289,0.16268270445925356,-0.1588167571634765,0.8757517965962907,-0.3700155318573658,0.31834205271976,0.02499595238537444,16.406485964383833,13096,0.9925470019812959,0.9916906547514238,20,119.34642563099125,2.1991232553367568e-4,PSII.PRM,1370040,Discharge
Rel.Month4,-0.09832828657716766,0.12192161554327356,-0.8064877268811129,0.43062676632330066,-0.3547195527258866,0.15806297957155127,0.013948941456875901,17.764654206967144,13096,0.9867172009817626,0.9853014755575973,20,67.03404000983753,2.1849180696210875e-4,PSII.PRM,1370040,Discharge
Rel.Month5,-0.08145478480325755,0.1118931580143242,-0.7279693079431181,0.47592826557810197,-0.3164096987808882,0.1535001291743731,0.011714445823027879,18.13338712411373,13096,0.9840976231530415,0.982435358469449,20,55.93255955498184,2.1991069623924825e-4,PSII.PRM,1370040,Discharge
Rel.Month6,-0.09274507401664743,0.10343283283467604,-0.8966695726577304,0.38147050122049453,-0.3097020583466352,0.12421191031334038,0.009983348972005264,18.411165546328668,13096,0.9817099325965969,0.9798254432433172,20,48.56738391135906,2.1583448760051187e-4,PSII.PRM,1370040,Discharge
Sampling.Year2022-2023,-0.02688816706688463,0.25486228446647685,-0.1055007692612178,0.9161665250204054,-0.531846017194443,0.4780696830606737,0.02525014935935629,112.38923593295844,13096,0.41842892329924103,0.4081709641214472,20,0.6896771523139777,0.038442127216147266,PSII.PRM,1370040,Discharge
Sampling.Year2023-2024,-0.05985182339957598,0.25477342044910384,-0.23492177203599854,0.8146960529373982,-0.5646223108861922,0.4449186640870403,0.025206334700323355,112.62085541135737,13096,0.41799173230778225,0.40774698867185216,20,0.6884675651668962,0.03844284433199632,PSII.PRM,1370040,Discharge
(Intercept),44.121228498314984,6.21294102495481,7.101504476076353,7.1114690029794335e-12,31.901144010872585,56.341312985757384,8.485851228020948,344.3994036617251,13096,0.23525710200066285,0.23082893628936182,20,0.30010091016138324,29.690492390144527,Total.PRM,1370040,Discharge
Discharge_cumecs,-0.06089750744080573,0.19253961349539989,-0.3162856013641093,0.7548373771190322,-0.46075031467279964,0.33895529979118816,0.032810171678563094,21.49004807483594,13096,0.9350770621903871,0.9293035807292909,20,13.144987968497007,0.00262082250246672,Total.PRM,1370040,Discharge
Rel.Month2,-10.492889986256234,4.138492381040766,-2.535437792353126,0.023446397836988032,-19.34935720049324,-1.6364227720192268,16.240597557287764,14.340225512292221,13096,0.9961523028987944,0.9956506548496022,20,228.91966961015632,0.07449175278031937,Total.PRM,1370040,Discharge
Rel.Month3,-25.45160857339168,5.220963957211348,-4.874886856523339,3.40230305354496e-4,-36.7777535933062,-14.125463553477159,25.888914744900976,12.490608258873573,13096,0.997600472866777,0.997244739887629,20,361.9421394771586,0.07510416035395488,Total.PRM,1370040,Discharge
Rel.Month4,-16.639592969218267,3.957323155227685,-4.204759711684679,8.010026792717143e-4,-25.090905627491807,-8.188280310944728,14.843607169648514,14.67151669674663,13096,0.9957744450641273,0.9952351794630193,20,208.87149300562427,0.07461902677026043,Total.PRM,1370040,Discharge
Rel.Month5,-13.32238486072264,5.636868849095257,-2.363437081361391,0.03614094651389674,-25.626336895577115,-1.0184328258681639,30.18970173141044,11.807282072923096,13096,0.997955596847785,0.9976363404840111,20,422.0727789833914,0.07510360391952292,Total.PRM,1370040,Discharge
Rel.Month6,-22.819020095516855,5.975360351681397,-3.818852546540703,0.002765904943990113,-35.944245700877325,-9.693794490156384,33.93449507599484,11.184734075730795,13096,0.9982266195375679,0.9979355371961053,20,483.3875114210911,0.07371150265145208,Total.PRM,1370040,Discharge
Sampling.Year2022-2023,-3.6062745737296633,8.289171213600405,-0.43505852163032793,0.6636206043648529,-19.87386326152163,12.661314114062304,8.946593414586376,932.62608488670935,13096,0.1385630688259328,0.13671771136405642,20,0.15836964705957485,59.316436323065915,Total.PRM,1370040,Discharge
Sampling.Year2023-2024,-11.10903464976328,8.13471793924113,-1.3656324328314227,0.17225407913739865,-27.065348211172807,4.847278911646246,6.530433066199442,1537.7115389627763,13096,0.1047842346017099,0.1036206431906755,20,0.11559909585548099,59.31668123150203,Total.PRM,1370040,Discharge
