term,estimate,std.error,statistic,p.value,conf.low,conf.high,b,df,dfcom,fmi,lambda,m,riv,ubar,Target,Site.Code,Source
(Intercept),0.11020014558657563,0.07739460188611115,1.4238737961174475,0.17041701864297099,-0.05159562518464615,0.2719959163577974,0.005600358664045503,19.34083134092902,55795,0.9833485635882162,0.9817113211242586,20,53.67863517065925,1.0954780386186111e-4,OtherHerb.PRM,1080025,Water Level
WaterLevel_m,-0.004299137545312874,0.004425389865416355,-0.9714709157965672,0.34400200442010276,-0.01358676603871048,0.004988490948084733,1.8531428052867724e-5,18.268093828712725,55795,0.9941677040795366,0.993562320280567,20,154.3354692345725,1.260760054186711e-7,OtherHerb.PRM,1080025,Water Level
Rel.Month2,-0.05799378236953197,0.045501972073151806,-1.2745333823399467,0.2339749696063242,-0.16071308026574327,0.04472551552667933,0.0019712175398468265,9.124275089285725,55795,0.9997374214803199,0.9996855504046399,20,3179.1599199231523,6.510457067190251e-7,OtherHerb.PRM,1080025,Water Level
Rel.Month3,-0.05777977691558856,0.04400313599243525,-1.3130831612892706,0.22021314616301274,-0.15663672626903183,0.0410771724378547,0.0018434541864011031,9.428304410245262,55795,0.9997187233009025,0.9996647784431323,20,2982.101711429311,6.490814475920137e-7,OtherHerb.PRM,1080025,Water Level
Rel.Month4,-0.05372922213578454,0.04398453367464107,-1.2215480680828883,0.25156408142804787,-0.1525553359561228,0.04509689168455373,0.0018418968125921095,9.421087166272521,55795,0.9997191811156844,0.9996652867609334,20,2986.632048222367,6.475493539195161e-7,OtherHerb.PRM,1080025,Water Level
Rel.Month5,-0.0569068496681892,0.04322181937047332,-1.3166231893298022,0.21869232214762793,-0.15383318872350868,0.04001948938713027,0.0017785557398396705,9.547610696725702,55795,0.9997110527086969,0.9996562635626788,20,2908.205691991968,6.421428621689156e-7,OtherHerb.PRM,1080025,Water Level
Rel.Month6,-0.05307551503607851,0.04753841455389799,-1.116476338854395,0.29247487086319796,-0.16022865429438235,0.05407762422222532,0.002151596276686085,9.217879060506366,55795,0.9997317903335747,0.9996792922241655,20,3117.1033805545285,7.247677778715459e-7,OtherHerb.PRM,1080025,Water Level
Sampling.Year2022-2023,-0.01070215051966911,0.022394805527090056,-0.4778853965364052,0.6346877018727297,-0.05561548773090867,0.03421118669157046,2.849713680130991e-4,53.25163189972002,55795,0.6109595031854195,0.5966174278158273,20,1.479036202742614,2.0230737818242923e-4,OtherHerb.PRM,1080025,Water Level
Sampling.Year2023-2024,-0.014914452958527098,0.019758031736655118,-0.7548551979931175,0.4525069727996164,-0.05422179558767263,0.02439288967061843,1.7906447841218982e-4,81.6775316513229,55795,0.49387106479548387,0.4816276190830738,20,0.9291151242107919,2.0236211577387157e-4,OtherHerb.PRM,1080025,Water Level
(Intercept),5.700000000000017e-10,5.150974990748513e-25,1106586619084268.1,0,5.700000000000006e-10,5.700000000000027e-10,0,83.0598713689776,85,0.023239635014385453,0,20,0,2.6532543355316643e-49,Fungicide.PRM,1080025,Water Level
WaterLevel_m,-3.0008188311255105e-25,3.591898266587904e-26,-8.354409307856358,1.2716334102607935e-12,-3.7152253341013857e-25,-2.2864123281496354e-25,0,83.0598713689776,85,0.023239635014385453,0,20,0,1.290173315751719e-51,Fungicide.PRM,1080025,Water Level
Rel.Month2,-2.585310699574392e-25,1.3985667493201704e-25,-1.848542946435046,0.06808227240934972,-5.366974060851298e-25,1.9635266170251458e-26,0,83.0598713689776,85,0.023239635014385453,0,20,0,1.9559889523039885e-50,Fungicide.PRM,1080025,Water Level
Rel.Month3,-2.990481503321054e-25,1.4532673446064024e-25,-2.057764192128727,0.04274877753029394,-5.880940988788465e-25,-1.000220178536428e-26,0,83.0598713689776,85,0.023239635014385453,0,20,0,2.111985974899344e-50,Fungicide.PRM,1080025,Water Level
Rel.Month4,-5.366294984435167e-26,1.35940177292338e-25,-0.3947541551968851,0.694036190749049,-3.240396127268302e-25,2.1671371303812684e-25,0,83.0598713689776,85,0.023239635014385453,0,20,0,1.8479731802272291e-50,Fungicide.PRM,1080025,Water Level
Rel.Month5,2.629421489434595e-26,1.3559124799784574e-25,0.19392265564783143,0.846709924540081,-2.433884490534109e-25,2.9597687884210277e-25,0,83.0598713689776,85,0.023239635014385453,0,20,0,1.8384986533613305e-50,Fungicide.PRM,1080025,Water Level
Rel.Month6,-3.1709150438298545e-25,1.8240969886038861e-25,-1.7383478310858822,0.08585520490462342,-6.798931914015995e-25,4.571018263562859e-26,0,83.0598713689776,85,0.023239635014385453,0,20,0,3.327329823833766e-50,Fungicide.PRM,1080025,Water Level
Sampling.Year2022-2023,-5.699999999999989e-10,5.582454749414402e-25,-1021056194069090.6,0,-5.7e-10,-5.699999999999977e-10,0,83.0598713689776,85,0.023239635014385453,0,20,0,3.1163801029259417e-49,Fungicide.PRM,1080025,Water Level
Sampling.Year2023-2024,-5.699999999999988e-10,5.614449320088173e-25,-1015237590551529.1,0,-5.699999999999999e-10,-5.699999999999976e-10,0,83.0598713689776,85,0.023239635014385453,0,20,0,3.152204116783855e-49,Fungicide.PRM,1080025,Water Level
(Intercept),2.807951903079017,1.5842439952544927,1.772423888927506,0.0901546637427651,-0.477306672063079,6.093210478221113,2.213890586739373,22.03034638773574,55795,0.9320900462740747,0.9261926140268473,20,12.548779526804378,0.18524392042357532,Insecticide.PRM,1080025,Water Level
WaterLevel_m,-0.12063014919027926,0.11931580292079076,-1.0110156931212293,0.3247090224065723,-0.37035737711338745,0.12909707873282897,0.013380106853576941,19.004067521711363,55795,0.9880489501001495,0.9868540881165174,20,75.06927605048655,1.8714863037719054e-4,Insecticide.PRM,1080025,Water Level
Rel.Month2,-1.6297311272208908,0.8928909563210364,-1.8252297390667327,0.08812945466722384,-3.5344343753070726,0.2749721208652913,0.7583693717737067,14.861030847681999,55795,0.998923550319891,0.9987878151724789,20,823.9567040407261,9.664195175029896e-4,Insecticide.PRM,1080025,Water Level
Rel.Month3,-1.7275403093720234,0.7693745943936873,-2.245382576914211,0.039462444181938366,-3.3606050624561377,-0.09447555628790938,0.5628321549991728,15.755033003001136,55795,0.9985458634814898,0.9983722873962323,20,613.359069091992,9.635037493193028e-4,Insecticide.PRM,1080025,Water Level
Rel.Month4,-1.647034322543473,0.7904392833529444,-2.0836949241148033,0.05401819124655457,-3.3262273319577083,0.0321586868707624,0.5941266963572894,15.595788508181954,55795,0.9986269911099211,0.9984615263729608,20,648.9948926160655,9.612294923624354e-4,Insecticide.PRM,1080025,Water Level
Rel.Month5,-1.5153993206447975,0.7467059001182226,-2.029446024739956,0.05950760015936747,-3.0992429233832075,0.0684442820936122,0.5301109497483174,15.88917324021926,55795,0.9984714412083521,0.9982904307148358,20,583.9426570061171,9.532040356317082e-4,Insecticide.PRM,1080025,Water Level
Rel.Month6,-1.56368443319648,0.7694427747136966,-2.0322296661740884,0.059021039757594235,-3.1944140115009034,0.06704514510794302,0.5628250763580107,16.0504072332833,55795,0.99837358664971,0.998182809581686,20,549.3000620748586,0.0010758533832012829,Insecticide.PRM,1080025,Water Level
Sampling.Year2022-2023,0.17986494229998326,0.6893270424254926,0.26092831302120917,0.7943593860962102,-1.1776647302125158,1.5373946148124822,0.12343291997706768,253.79859681933365,55795,0.27841703151334984,0.27275308377192414,20,0.3750488007382414,0.34556720544315583,Insecticide.PRM,1080025,Water Level
Sampling.Year2023-2024,-0.21129920226189772,0.6595884180346574,-0.32035007966254986,0.7488532128280581,-1.507591603197468,1.0849931986736725,0.08515087874724388,445.35200103866134,55795,0.20905377807508177,0.20550973113417242,20,0.25866865736133843,0.3456484585208559,Insecticide.PRM,1080025,Water Level
(Intercept),1.2292611157074058,0.416985629988588,2.9479699713897767,0.007951349175051445,0.35946175758494125,2.09906047382987,0.16044606999902244,20.00625155956876,55795,0.9715980102650396,0.9688938638680091,20,31.14799793059352,0.005408642118006055,PSII.PRM,1080025,Water Level
WaterLevel_m,-0.0612884536629947,0.033308251767756945,-1.840038141008744,0.08149147659740143,-0.13101921698608382,0.008442309660094426,0.001043639879082593,18.93663926461294,55795,0.9888446308972255,0.9877255486933784,20,80.470036828492,1.3617762787561261e-5,PSII.PRM,1080025,Water Level
Rel.Month2,-0.7381454898963824,0.21422382236274182,-3.44567416338269,0.003434338774847766,-1.193266312140224,-0.2830246676525407,0.043639547719628524,15.584258848082529,55795,0.9986325857623776,0.998467680685805,20,651.6054920382729,7.032096209360765e-5,PSII.PRM,1080025,Water Level
Rel.Month3,-0.7458531383859107,0.21423567132492533,-3.4814610180145764,0.003189513334576237,-1.2010211924793883,-0.2906850842924331,0.043644584828712335,15.575229620939975,55795,0.9986369420705664,0.9984724728040036,20,653.6528288471735,7.010879789347998e-5,PSII.PRM,1080025,Water Level
Rel.Month4,-0.7304499155275317,0.21101934011496606,-3.4615306593678716,0.0033035750632933267,-1.1785934171703372,-0.2823064138847262,0.04234211294253882,15.65502957656068,55795,0.9985976670322011,0.9984292694966275,20,635.646450713763,6.994331288996078e-5,PSII.PRM,1080025,Water Level
Rel.Month5,-0.7315777056928311,0.20873798236176924,-3.5047656272968792,0.0030084886543740525,-1.1747876017893966,-0.28836780959626557,0.04143065327174279,15.692766420553163,55795,0.9985784676133846,0.9984081504411676,20,627.2000673062672,6.935934513235223e-5,PSII.PRM,1080025,Water Level
Rel.Month6,-0.7285350623360171,0.24518829014429236,-2.971328940331029,0.009461374376994463,-1.250863116760235,-0.20620700791179902,0.057180013113613856,15.09236064071866,55795,0.9988417634324505,0.9986978148106904,20,766.9399275998126,7.828385458713888e-5,PSII.PRM,1080025,Water Level
Sampling.Year2022-2023,0.05965805345985308,0.1162422637875005,0.5132217105554004,0.6084629472322182,-0.16980709075865633,0.2891231976783625,0.004293633716618409,169.8994682383107,55795,0.3413541841492608,0.33364619274776275,20,0.5007042641859875,0.00900394848799352,PSII.PRM,1080025,Water Level
Sampling.Year2023-2024,0.01287575161171786,0.11924682112238816,0.10797563818076895,0.9141685413954173,-0.22286741824491996,0.24861892146835568,0.004961850973647189,140.97414274358667,55795,0.3751882108862607,0.36638644209879656,20,0.5782490565896722,0.00900986082546529,PSII.PRM,1080025,Water Level
(Intercept),4.019613711850418,1.7599694626696591,2.2839110547708903,0.03320287743673476,0.35323964276569697,7.68598778093514,2.832342987395969,20.422056566204517,55795,0.9635240463900527,0.9601185887023448,20,24.074338331121016,0.12353237276396148,Total.PRM,1080025,Water Level
WaterLevel_m,-0.1418425459681656,0.16891775043109428,-0.8397136808071965,0.4116566137764649,-0.49572982165505924,0.21204472971872806,0.02690260086344064,18.73531890795805,55795,0.9909155967841352,0.9899949728754736,20,98.94975401401797,2.854755040887811e-4,Total.PRM,1080025,Water Level
Rel.Month2,-2.647720550924146,0.7940556275784356,-3.334427033781847,0.004018121671152872,-4.325700331929031,-0.9697407699192611,0.5990953986734067,16.65227451704994,55795,0.9978999294618407,0.9976619917914139,20,426.71449489681817,0.001474171081906146,Total.PRM,1080025,Water Level
Rel.Month3,-2.805089753859035,0.7772985348846003,-3.6087675815257847,0.002213484291525776,-4.447003363266186,-1.1631761444518844,0.5740221799512262,16.738077955381453,55795,0.997813942377152,0.9975674604721398,20,410.0930114585589,0.0014697233849587177,Total.PRM,1080025,Water Level
Rel.Month4,-2.700055371919166,0.7498502242044863,-3.6007929113892656,0.0022257189640292447,-4.282935567671834,-1.117175176166498,0.5341039090416826,16.88314874850103,55795,0.997654588454023,0.9973922843621698,20,382.4773951166121,0.0014662542457516575,Total.PRM,1080025,Water Level
Rel.Month5,-2.6319476828766173,1.0076928616057534,-2.6118550434927386,0.019328666887986373,-4.7751218137250415,-0.4887735520281935,0.9657056105462276,15.38504120757305,55795,0.9987238708360096,0.9985681032492427,20,697.374376135066,0.0014540122576530566,Total.PRM,1080025,Water Level
Rel.Month6,-2.6865447042953616,0.8975932015582228,-2.9930537571268556,0.008452580460262265,-4.586186650623788,-0.7869027579669352,0.7657451948356186,16.335437829976577,55795,0.9981737636605084,0.9979630696639215,20,489.9348063052385,0.0016411009061407088,Total.PRM,1080025,Water Level
Sampling.Year2022-2023,0.2634317080921352,0.6107899077904935,0.4312967597075862,0.667199937220319,-0.9486619251330395,1.4755253413173097,0.1562032074531234,97.99392169985481,55795,0.45073526051550983,0.4396383218337626,20,0.78456171962448,0.2090509436329399,Total.PRM,1080025,Water Level
Sampling.Year2023-2024,-0.07324221698487511,0.50974443133144,-0.14368419247576325,0.8858084166124004,-1.0747754634625024,0.9282910294927521,0.04825190338190275,494.2542652910976,55795,0.19822175196688643,0.19498390706892538,20,0.24221119152908646,0.20917488672241527,Total.PRM,1080025,Water Level
(Intercept),2.423587472176647,0.560999379773543,4.320125047473261,5.422718597493658e-5,1.303303559954013,3.543871384399281,0.16133463699884845,65.33598963178002,38081,0.5517738715434468,0.5382600570682402,20,1.1657212361803169,0.14531893525750905,OtherHerb.PRM,113006A,Water Level
WaterLevel_m,0.0027987946299988056,0.07290493609826894,0.038389645198046614,0.969850967008957,-0.1517268159711383,0.1573244052311359,0.005048754632616394,16.033128497773284,38081,0.9976533389135739,0.9973777980947827,20,380.35888697599387,1.393734324546437e-5,OtherHerb.PRM,113006A,Water Level
Rel.Month2,-1.8532484168531196,0.5034906037054518,-3.6808004026571517,0.0027048173707640835,-2.93931313555613,-0.7671836981501088,0.24115856687502085,13.19850024159824,38081,0.9990100908152072,0.9988706522593107,20,884.4668619513683,2.8629280090845826e-4,OtherHerb.PRM,113006A,Water Level
Rel.Month3,-2.2034660209921704,0.49759283974200097,-4.428251061921741,6.898307130169235e-4,-3.2790284638085057,-1.1279035781758349,0.23555862045691878,12.931578334216251,38081,0.9990743824104138,0.9989415019043605,20,943.7348125796543,2.6208268274398186e-4,OtherHerb.PRM,113006A,Water Level
Rel.Month4,-2.298739007377015,0.36862886856153837,-6.235916943638034,1.3342959343900496e-5,-3.0818196594012015,-1.5156583553528282,0.12912588866654637,15.602218963240436,38081,0.9979964164929436,0.997755053153321,20,444.44484493223183,3.050596370862329e-4,OtherHerb.PRM,113006A,Water Level
Rel.Month5,-2.405760176818656,0.37497366943725446,-6.4158109566176345,1.0146819932555903e-5,-3.203052608080903,-1.6084677455564091,0.13362595866225283,15.432171896494102,38081,0.9981105839384572,0.9978806184690786,20,470.8357621835465,2.9799617587389067e-4,OtherHerb.PRM,113006A,Water Level
Rel.Month6,-2.3996560813866634,0.3732622393348626,-6.428874470835165,9.317287698643574e-6,-3.1924473127036794,-1.6068648500696472,0.1323890802500598,15.633422410586503,38081,0.9979743018395424,0.9977307322228449,20,439.67077938842596,3.1616505071344774e-4,OtherHerb.PRM,113006A,Water Level
Sampling.Year2022-2023,0.5937271829167502,0.5710878266525813,1.039642512425574,0.2986739184780823,-0.5264901996363797,1.71394456546988,0.03421330021903358,1496.8396042111333,38081,0.11133506374578407,0.11014846815336447,20,0.12378297301436617,0.29021734052078346,OtherHerb.PRM,113006A,Water Level
Sampling.Year2023-2024,-0.16113994389344294,0.5755408009856027,-0.2799800528780824,0.7795411303519856,-1.2903197026189122,0.9680398148320264,0.03900441978694198,1198.3121188598761,38081,0.12509669993318406,0.12363769141270228,20,0.14108056702256755,0.2902925728228601,OtherHerb.PRM,113006A,Water Level
(Intercept),8.506167928614172e-10,3.527639149781274e-10,2.4112919625414593,0.017183150078166818,1.532278561425498e-10,1.5480057295802845e-9,0,141.02698131313196,143,0.013886287012096434,0,20,0,1.244423797106955e-19,Fungicide.PRM,113006A,Water Level
WaterLevel_m,-8.860615721054007e-12,6.108688441937838e-11,-0.1450493965320514,0.8848789682015091,-1.2962500109006223e-10,1.1190376964795423e-10,0,141.02698131313196,143,0.013886287012096434,0,20,0,3.731607448066493e-21,Fungicide.PRM,113006A,Water Level
Rel.Month2,-3.7152879023759356e-10,2.145578898047542e-10,-1.7316016231129114,0.08553126058952736,-7.95694336322031e-10,5.263675584684384e-11,0,141.02698131313196,143,0.013886287012096434,0,20,0,4.603508807746904e-20,Fungicide.PRM,113006A,Water Level
Rel.Month3,-3.466150212601531e-10,2.3201346422037096e-10,-1.4939435623914106,0.13742443294780457,-8.05288984914111e-10,1.1205894239380481e-10,0,141.02698131313196,143,0.013886287012096434,0,20,0,5.3830247579537354e-20,Fungicide.PRM,113006A,Water Level
Rel.Month4,-3.664001016123035e-10,2.3221208956784246e-10,-1.577868328450044,0.11683633976374032,-8.254667333198722e-10,9.26665300952651e-11,0,141.02698131313196,143,0.013886287012096434,0,20,0,5.392245454146369e-20,Fungicide.PRM,113006A,Water Level
Rel.Month5,-3.9983542024732706e-10,2.743368339978166e-10,-1.4574616700960736,0.1472121454964879,-9.421796477639658e-10,1.4250880726931175e-10,0,141.02698131313196,143,0.013886287012096434,0,20,0,7.526069848794557e-20,Fungicide.PRM,113006A,Water Level
Rel.Month6,-4.670033678661421e-10,3.511786490635439e-10,-1.3298170862934218,0.18572537760203675,-1.16125834767035e-9,2.2725161193806593e-10,0,141.02698131313196,143,0.013886287012096434,0,20,0,1.2332644355809574e-19,Fungicide.PRM,113006A,Water Level
Sampling.Year2022-2023,-3.041992695660882e-10,3.707206462200358e-10,-0.8205619856023211,0.41328063454529906,-1.0370873749244618e-9,4.286888357922854e-10,0,141.02698131313196,143,0.013886287012096434,0,20,0,1.3743379753380093e-19,Fungicide.PRM,113006A,Water Level
Sampling.Year2023-2024,-5.190151549164219e-10,3.811289265403919e-10,-1.3617836872883404,0.175437579422812,-1.2724796833086966e-9,2.344493734758527e-10,0,141.02698131313196,143,0.013886287012096434,0,20,0,1.4525925864583145e-19,Fungicide.PRM,113006A,Water Level
(Intercept),15.097209864222988,3.4595805043431063,4.363884536078919,1.848182461271704e-4,7.981066062992545,22.213353665453432,9.789142414397832,25.639155936194896,38081,0.8686514803595861,0.8587901679400022,20,6.081659863281447,1.6900977309131784,Insecticide.PRM,113006A,Water Level
WaterLevel_m,0.11210514633844654,0.3151339374345759,0.3557380942562569,0.7262052806513857,-0.5503558811513622,0.7745661738282554,0.09396834973312218,17.853663484413662,38081,0.9941496086912353,0.9935289981331227,20,153.5355758771497,6.426313032409227e-4,Insecticide.PRM,113006A,Water Level
Rel.Month2,-10.07827154739529,3.453671473844968,-2.918132666560541,0.011889519999228415,-17.532789070262908,-2.623754024527675,11.347281991128746,13.115715807029206,38081,0.9990306434099496,0.9988932991047367,20,902.5865103931491,0.013200558565289655,Insecticide.PRM,113006A,Water Level
Rel.Month3,-12.473441638626223,2.3817500167904284,-5.237091025797511,9.12218134563213e-5,-17.53724287824695,-7.409640399005498,5.391094169932093,15.447495815997389,38081,0.9981007146575918,0.9978697633488144,20,468.4314124411626,0.012084264052508871,Insecticide.PRM,113006A,Water Level
Rel.Month4,-11.94459942659729,2.491039600706971,-4.7950259093461804,2.11238371525404e-4,-17.23553905920238,-6.653659793992196,5.896392782183092,15.630228431584433,38081,0.9979765829674966,0.9977332409062821,20,440.1584816275488,0.014065870998099039,Insecticide.PRM,113006A,Water Level
Rel.Month5,-11.544576984949433,2.6791948572838815,-4.30897250849948,6.101791473922384e-4,-17.251289932869607,-5.8378640370292585,6.823185617680605,15.117264810443166,38081,0.9982971253546115,0.9980858147302077,20,521.4154713658011,0.013740184731761558,Insecticide.PRM,113006A,Water Level
Rel.Month6,-10.670726961373001,2.803326525000667,-3.8064516802481516,0.0017173253584265849,-16.645303554499723,-4.69615036824628,7.470534933108957,15.016519502280198,38081,0.9983509052097711,0.9981449809713628,20,538.078028075361,0.014577926007909393,Insecticide.PRM,113006A,Water Level
Sampling.Year2022-2023,0.9471616438518748,2.0141006458076567,0.4702652997124987,0.638327499862003,-3.0079670344280394,4.902290322131789,0.662662792766398,632.8687615797085,38081,0.17412770265589442,0.17152188786456163,20,0.20703249168823118,3.3608054790381026,Insecticide.PRM,113006A,Water Level
Sampling.Year2023-2024,1.1189063593575344,2.023666625716484,0.5529104177232665,0.5805358820503406,-2.8556270646067476,5.093439783321816,0.6961450182053305,585.234118381844,38081,0.1812819887822452,0.17848884527337663,20,0.2172689247692235,3.3642743429231428,Insecticide.PRM,113006A,Water Level
(Intercept),2.874145251763748,2.4962544065696823,1.1513831459644204,0.25033662247736205,-2.0348811519755197,7.783171655503016,1.3530795444413526,361.0084523876311,38081,0.23224170753945164,0.228000048056659,20,0.2953368681989147,4.810552540655136,PSII.PRM,113006A,Water Level
WaterLevel_m,-0.16888671789546986,0.14500192411379142,-1.1647205299354142,0.25885398811336996,-0.4728221230999957,0.13504868730905603,0.01979754734798622,18.59952409025051,38081,0.9897228212621556,0.9886741040901957,20,87.2932359579918,2.3813328131619594e-4,PSII.PRM,113006A,Water Level
Rel.Month2,1.4367907906061208,2.241925414862034,0.6408735906562439,0.5331092775393583,-3.423224867112672,6.296806448324913,4.782226638480985,12.576531215474889,38081,0.9991517452893703,0.9990267863146267,20,1026.52356962234,0.0048915953992682264,PSII.PRM,113006A,Water Level
Rel.Month3,-1.7122203470294208,1.3003818734578092,-1.3167057938730746,0.20641955051772698,-4.468083034244869,1.0436423401860273,1.6062048335333932,16.059060596470598,38081,0.997629771406483,0.9973518863986758,20,376.62730401744824,0.004477941607579069,PSII.PRM,113006A,Water Level
Rel.Month4,-2.0328688225850007,1.2664037831359658,-1.605229587636777,0.12733744235281108,-4.710109757433655,0.6443721122636528,1.522444092001491,16.564394416032748,38081,0.9970822557458766,0.9967500217746945,20,306.69436921565773,0.005212245339520742,PSII.PRM,113006A,Water Level
Rel.Month5,-2.023785920525446,1.2745062480730511,-1.5878979986055337,0.13130877892732845,-4.7192392428673795,0.6716674018164879,1.5421663021449392,16.479815850281057,38081,0.9971873294911283,0.9968655102531039,20,318.031191915762,0.005091559125059309,PSII.PRM,113006A,Water Level
Rel.Month6,-2.508735646263621,1.1317274875704766,-2.2167312129611885,0.04046448303777578,-4.895209509199505,-0.1222617833277373,1.214671536969144,17.118874356354183,38081,0.996201625622048,0.9957823529560702,20,236.09902454716527,0.0054019923049822465,PSII.PRM,113006A,Water Level
Sampling.Year2022-2023,3.3097165608311614,3.2701317414806885,1.012104961658991,0.3116264239291149,-3.104016717615759,9.723449839278082,1.028420683939124,1767.1630133063513,38081,0.10199440984254994,0.10097866006902852,20,0.11232064866978779,9.613919888503439,PSII.PRM,113006A,Water Level
Sampling.Year2023-2024,-0.20269478067814786,3.139577361521313,-0.06456116774263213,0.9485241597585417,-6.356589649773435,5.9512000884171385,0.23022924497404562,17071.308640054816,38081,0.024639171662038287,0.024524909338306675,20,0.02514150240542863,9.615205301754381,PSII.PRM,113006A,Water Level
(Intercept),16.432613431403816,5.065975590209856,3.243721399518844,0.0013433567287856431,6.454371282379057,26.410855580428574,6.76388648297697,245.88948150993818,38081,0.2825439875885599,0.27673202664130864,20,0.3826134113974773,18.562027873476275,Total.PRM,113006A,Water Level
WaterLevel_m,0.8245689512037817,0.34137453620338204,2.4154377780319414,0.026708182408802635,0.1067627130308848,1.5423751893766786,0.1102979839817119,17.790812002873768,38081,0.9943873896349921,0.9937900114733513,20,160.03089332753822,7.23690787276686e-4,Total.PRM,113006A,Water Level
Rel.Month2,-9.94858797943417,4.185781511705617,-2.3767575903359397,0.03500539008860765,-19.070572698322348,-0.8266032605459905,16.672286884174518,11.976911914246687,38081,0.9992648441018314,0.9991515419690855,20,1177.608680175049,0.014865635353317055,Total.PRM,113006A,Water Level
Rel.Month3,-17.90052353941734,2.5584328691521088,-6.996675095622016,3.7575445789930328e-6,-23.342158921028172,-12.458888157806504,6.220924010460436,15.374125546336424,38081,0.9981472588037277,0.9979209577177821,20,479.9906987236628,0.013608534974432918,Total.PRM,113006A,Water Level
Rel.Month4,-17.60755959810972,2.3480443873138763,-7.498818886576704,1.1457879809799597e-6,-22.578533202093865,-12.636585994125575,5.235687951648833,16.268079382169937,38081,0.9974251567115424,0.9971269367148106,20,347.0605544454831,0.015840095564922024,Total.PRM,113006A,Water Level
Rel.Month5,-18.09828054356903,2.262793032928809,-7.998204113322648,4.7083558092188774e-7,-22.88587254515794,-13.310688541980117,4.8616752205810805,16.392376606778367,38081,0.9972896712782746,0.9969780026911684,20,329.90697899617464,0.01547332826102271,Total.PRM,113006A,Water Level
Rel.Month6,-17.823366286630314,3.14354063198598,-5.669838049896663,4.8690237100919284e-5,-24.53767803946623,-11.1090545337944,9.39564853844716,14.648914880277784,38081,0.9985269585344497,0.9983386973704241,20,600.9372883646505,0.016416739577297036,Total.PRM,113006A,Water Level
Sampling.Year2022-2023,4.9695643028017384,6.359887530060479,0.7813918531283337,0.4346439758843579,-7.501454630027566,17.440583235631042,3.186618813587606,2572.1299041711604,38081,0.08343432123160326,0.082721908168211,20,0.09018192945502136,37.10221964075179,Total.PRM,113006A,Water Level
Sampling.Year2023-2024,1.3822569600672612,6.200464923118849,0.22292795414637756,0.8235957280377797,-10.771771317901319,13.536285238035841,1.2758468900815454,10975.398401425096,38081,0.03502073813868273,0.03484491010719728,20,0.03610291286042683,37.10612602824161,Total.PRM,113006A,Water Level
(Intercept),13.142153240932387,4.209958377378778,3.1216824640235536,0.0030205530951807617,4.680916264721729,21.603390217143044,10.49504547109814,48.77010350840966,16713,0.6363657438054147,0.6217531860423735,20,1.643776399692361,6.70395179460871,OtherHerb.PRM,119101A,Water Level
WaterLevel_m,0.18355652825513205,0.29487921572545933,0.6224803867697078,0.5410630862722561,-0.4338473105949241,0.8009603671051881,0.08093188614897112,18.90294592592655,16713,0.9793579281967715,0.9772836551841179,20,43.02116661395482,0.001975271410442299,OtherHerb.PRM,119101A,Water Level
Rel.Month2,2.369720669436084,4.154574508438542,0.57038829478755,0.5785728874516096,-6.647070209797084,11.386511548669253,16.403416954209167,12.438277752741126,16713,0.9981390435934994,0.9978620800657704,20,466.7443640378223,0.036901544247728554,OtherHerb.PRM,119101A,Water Level
Rel.Month3,-6.172822757746344,2.7481348485259685,-2.246186267408709,0.039587854673510045,-12.011807408121387,-0.33383810737130126,7.157117307155585,15.566957274042133,16713,0.9955963953637708,0.9950647823990739,20,201.62531074868048,0.03727197316948237,OtherHerb.PRM,119101A,Water Level
Rel.Month4,-6.012094069245491,2.7130035551360447,-2.2160288208483427,0.041509255640737396,-11.762673273470806,-0.2615148650201764,6.969465684703626,16.02507844009917,16713,0.9948390138916354,0.994232733441707,20,172.39236705854265,0.04244932124201132,OtherHerb.PRM,119101A,Water Level
Rel.Month5,-6.051132392492503,2.5451291242799554,-2.3775345363683402,0.0297692712074689,-11.431597700357308,-0.6706670846276976,6.12563843155653,16.566948079849684,16713,0.993657540691381,0.9929354506300009,20,140.551845365635,0.04576190612369552,OtherHerb.PRM,119101A,Water Level
Rel.Month6,-5.129280451467558,3.5460347504164984,-1.4464834138653322,0.16947118449101806,-12.715468028880291,2.4569071259451745,11.933980175721045,14.390167389455403,16713,0.9969255409408674,0.9965260054476746,20,286.85307084912256,0.04368326665430023,OtherHerb.PRM,119101A,Water Level
Sampling.Year2022-2023,-3.3901292284148172,4.1656752714464504,-0.8138246520683933,0.416297053904208,-11.582947727640214,4.802689270810578,3.7919734557321942,351.06005748749953,16713,0.2338003930515541,0.22944772883615586,20,0.2977704919221086,13.371278338621652,OtherHerb.PRM,119101A,Water Level
Sampling.Year2023-2024,-1.0043713524906022,4.160541694127724,-0.24140398686742956,0.809380420480585,-9.186583179000015,7.177840474018811,3.7475663056482484,357.50476890307823,16713,0.23160729128342192,0.22732063863404356,20,0.2941978911306522,13.375162567644532,OtherHerb.PRM,119101A,Water Level
(Intercept),1.1929365430705207e-4,1.5186608552290027e-4,0.7855187278733373,0.4505948455170167,-2.1969123854766572e-4,4.582785471617699e-4,2.1938129889940522e-8,9.869772979550174,16713,0.9989646729215672,0.998774176380309,20,814.7780482742754,2.8271547611311392e-11,Fungicide.PRM,119101A,Water Level
WaterLevel_m,-2.9569794887520262e-8,1.4245742090603183e-6,-0.02075693544039743,0.9834404157114287,-2.8223898785780528e-6,2.763250288803012e-6,1.0168333972342019e-13,4788.386088734247,16713,0.05300553351181116,0.05261007804050734,20,0.05553159984190414,1.92264417041024e-12,Fungicide.PRM,119101A,Water Level
Rel.Month2,-1.845751599160519e-6,1.4742289358060625e-5,-0.12520115121409683,0.9012918174426744,-3.209433961170181e-5,2.8402836413380776e-5,1.7277782921790282e-10,27.001739405088156,16713,0.8457499224200731,0.8347327441406482,20,5.05080537460509,3.591837483798958e-11,Fungicide.PRM,119101A,Water Level
Rel.Month3,-2.478326977364629e-6,1.4190033888102456e-5,-0.1746526468441042,0.8626090771408711,-3.1545017339004775e-5,2.6588363384275514e-5,1.5721726413260806e-10,28.00591121659831,16713,0.831449645097707,0.8198278516195665,20,4.55024741054039,3.6278934406257636e-11,Fungicide.PRM,119101A,Water Level
Rel.Month4,-3.223364245070818e-8,7.23940903732249e-6,-0.0044525239953328915,0.9964495716944826,-1.4263117416429089e-5,1.419865013152767e-5,1.056257241460706e-11,411.03855053513956,16713,0.21542633249259777,0.21161807879163494,20,0.26842076549305527,4.131834217432913e-11,Fungicide.PRM,119101A,Water Level
Rel.Month5,-1.0626324975762336e-6,8.301207760771595e-6,-0.12800938468229137,0.8983131862708106,-1.7465173573743574e-5,1.5339908578591107e-5,2.320702911532577e-11,149.84227034367711,16713,0.36206966129375673,0.35361141762965925,20,0.5470570292763336,4.4542669716402496e-11,Fungicide.PRM,119101A,Water Level
Rel.Month6,3.236259203250859e-6,7.941446527204281e-6,0.40751507828765254,0.6841244067883597,-1.2436336240224282e-5,1.8908854646725998e-5,1.956872515983175e-11,176.19871858435815,16713,0.3333257355426803,0.3258011408979404,20,0.48324190481701906,4.25194115266216e-11,Fungicide.PRM,119101A,Water Level
Sampling.Year2022-2023,-1.334748303858931e-7,4.923038675341973e-6,-0.027112285559410403,0.9783759669686304,-9.794972104980905e-6,9.528022444209117e-6,3.1834832667005107e-12,934.0907421070115,16713,0.13975931359687266,0.1379194051309525,20,0.15998435175530526,2.089365236887732e-11,Fungicide.PRM,119101A,Water Level
Sampling.Year2023-2024,-5.330269071046673e-7,5.8472418303215845e-6,-0.09115869029746493,0.9274424123126326,-1.2051399687929967e-5,1.0985345873720632e-5,9.06270658787099e-12,240.39152923414156,16713,0.28425063761027947,0.27832044308638243,20,0.38565654301843605,2.4674395104997975e-11,Fungicide.PRM,119101A,Water Level
(Intercept),7.428645519509245,3.876881825270166,1.9161392723110844,0.06254692497183692,-0.4079694734761006,15.26526051249459,9.850832320826953,39.81333104974912,16713,0.7027390176342213,0.6881721604471206,20,2.206897759461984,4.68683875024183,Insecticide.PRM,119101A,Water Level
WaterLevel_m,0.04777660763663088,0.13425147148993813,0.35587399606425646,0.7252813323235165,-0.2304358834682727,0.3259890987415345,0.015722528088307264,22.28740704040624,16713,0.9226010779211334,0.9159538009662908,20,10.898218021720654,0.0015148031044910383,Insecticide.PRM,119101A,Water Level
Rel.Month2,-4.264042365973425,3.2544467417157414,-1.3102203552194023,0.21217149572915697,-11.274683102587204,2.7465983706403554,10.060118484084159,13.378447560436351,16713,0.9976543734157785,0.9973281036186585,20,373.2660108315663,0.028299186375838822,Insecticide.PRM,119101A,Water Level
Rel.Month3,-4.490910607828297,3.0028280705405868,-1.4955603525511927,0.1568894858642015,-10.929200644718588,1.9473794290619937,8.560374437155176,14.0496744835235,16713,0.997201908745452,0.9968300613333886,20,314.4635168600863,0.028583262213569036,Insecticide.PRM,119101A,Water Level
Rel.Month4,-4.815099995953961,3.063894514724537,-1.571561936226407,0.1377853705428709,-11.370094278667441,1.7398942867595197,8.909424678284935,14.383651458593093,16713,0.9969311831747191,0.9965322119898166,20,287.3682615729162,0.03255368515992324,Insecticide.PRM,119101A,Water Level
Rel.Month5,7.120120702823908,5.010388084224808,1.4210716980669795,0.18432284649386588,-3.972865774606503,18.21310718025432,23.875137812006702,10.494199278793168,16713,0.9988092450770087,0.9986020527543233,20,714.3345758165617,0.03509405193490821,Insecticide.PRM,119101A,Water Level
Rel.Month6,-3.5601027444238,3.89992209210843,-0.9128650932867964,0.37849254003184263,-12.014920355037958,4.894714866190359,14.453230806615739,12.567797693818068,16713,0.9980803819111823,0.9977974151199407,20,453.01201517966285,0.033499977568868286,Insecticide.PRM,119101A,Water Level
Sampling.Year2022-2023,-2.780091472334466,3.5457776377955637,-0.784056913975821,0.43366509272990916,-9.759656362811697,4.199473418142764,3.073284625900366,281.86889371248566,16713,0.26188521785623786,0.2566664412530106,20,0.3452910718650506,9.345590199495705,Insecticide.PRM,119101A,Water Level
Sampling.Year2023-2024,-3.0508260686238913,3.55067839075591,-0.8592234308144129,0.3909575421053362,-10.040457226551812,3.9388050893040294,3.1035696039630447,277.99897476229916,16713,0.26375843290883944,0.25848069618799,20,0.3485825586187573,9.348568950419779,Insecticide.PRM,119101A,Water Level
(Intercept),48.94346355034778,3.0262115180325306,16.173179983852556,1.5249724212570133e-15,42.73840971504151,55.148517385654046,7.2283045545283775,27.39814442466396,16713,0.840023625140939,0.8287569471167142,20,4.839652956208219,1.568236369617958,PSII.PRM,119101A,Water Level
WaterLevel_m,-0.3874369492605401,0.6258674230722927,-0.6190399675360448,0.5443846995475183,-1.711475329408729,0.9366014308876489,0.3705700647191364,16.41819012921453,16713,0.9940198302411181,0.9933331722457099,20,148.9963756160513,0.0026114633080589907,PSII.PRM,119101A,Water Level
Rel.Month2,-25.619980934038413,4.17017406985671,-6.1436238643435654,2.915700266239516e-5,-34.590486393350126,-16.6494754747267,16.515776233346187,13.574535514640896,16713,0.9975331276320412,0.9971946094864055,20,355.4566127796366,0.04878672789177875,PSII.PRM,119101A,Water Level
Rel.Month3,-39.331759046506036,4.967993435982076,-7.917031202504178,3.892454426554185e-6,-50.142569035973686,-28.520949057038386,23.458745062914414,12.136817131310412,16713,0.9982672612068719,0.9980034623314201,20,499.8670839209678,0.04927646390086082,PSII.PRM,119101A,Water Level
Rel.Month4,-46.15805082043643,3.790750196582726,-12.176495001450332,4.1137677608089974e-9,-54.24710852802887,-38.06899311284399,13.632062599879077,14.805287832417907,16713,0.9965331825101374,0.9960944916711447,20,255.0486153906392,0.05612132301894618,PSII.PRM,119101A,Water Level
Rel.Month5,-47.307919514079245,2.0754356227293513,-22.794211969757864,9.44885625300588e-15,-51.66750747827233,-42.94833154988616,4.044697337861776,18.04275337450158,16713,0.9872892873594157,0.9859543215180155,20,70.1962758710899,0.060500819339106136,PSII.PRM,119101A,Water Level
Rel.Month6,-47.68052380337507,2.3395886542619437,-20.37987477692593,1.2573807425351784e-13,-52.60625654493807,-42.754791061812064,5.158021310266125,17.483009374508192,16713,0.9904792280039001,0.9894490091901575,20,93.77782873880838,0.05775269537178081,PSII.PRM,119101A,Water Level
Sampling.Year2022-2023,0.5744599705524747,2.5763636814310025,0.22297316745025667,0.8242463286890754,-4.569596602721452,5.718516543826402,3.380570025088834,65.87614721927848,16713,0.5482766209288227,0.5347673684418327,20,1.1494622951334648,3.0880512926534314,PSII.PRM,119101A,Water Level
Sampling.Year2023-2024,-0.782706693711594,2.76496553224769,-0.2830800907218969,0.7782145738260926,-6.328099079320938,4.76268569189775,4.335093186119438,53.17505450212896,16713,0.609804259853585,0.5953992631726466,20,1.4715723649972208,3.0931865490923425,PSII.PRM,119101A,Water Level
(Intercept),63.31286028076709,6.442845119465352,9.826848093784534,1.0810176017921628e-10,50.13034051207401,76.49538004946017,32.005246969417534,28.72797285651401,16713,0.821575128515678,0.809571291432974,20,4.25130904644047,7.904743915530108,Total.PRM,119101A,Water Level
WaterLevel_m,-0.5548673647859697,0.8240196177327017,-0.6733666927890537,0.5099189665919661,-2.2956679967916678,1.1859332672197287,0.6418285561654492,16.713715294209376,16713,0.9932664707711544,0.9925062091188688,20,132.44380912976,0.005088346434626157,Total.PRM,119101A,Water Level
Rel.Month2,-27.083235405793637,6.228721046175613,-4.3481214209171455,7.868048672458255e-4,-40.53732906638008,-13.629141745207194,36.858958675990976,13.021327200940297,16713,0.9978556913066643,0.9975498274376302,20,407.1345189143727,0.09505926128049633,Total.PRM,119101A,Water Level
Rel.Month3,-45.684140352882935,7.346183017172005,-6.218758809315583,5.1456504976723594e-5,-61.74878944394119,-29.619491261824674,51.305134692130125,11.617200066726616,16713,0.9984642957374255,0.9982208654590035,20,561.0710390119897,0.09601349504975155,Total.PRM,119101A,Water Level
Rel.Month4,-51.382451375945905,7.052836955739828,-7.285359309792239,7.467933321504927e-6,-66.6736904938588,-36.09121225803302,47.2696749110825,12.559427652063246,16713,0.9980842417834779,0.9978016696475911,20,453.89068506205746,0.10935046761281433,Total.PRM,119101A,Water Level
Rel.Month5,-47.66495637883027,7.87778151181104,-6.050555769713454,5.931528044155029e-5,-64.84291739710936,-30.486995360551173,58.99195979263972,11.914011976546888,16713,0.9983552009965058,0.9981004700877099,20,525.4460399017181,0.11788376556012782,Total.PRM,119101A,Water Level
Rel.Month6,-53.032640522567426,8.70317923997589,-6.093479067853179,8.503627389100883e-5,-72.23577627560715,-33.8295047695277,72.03123785011044,10.78106491481903,16713,0.9987299789571504,0.9985143751807461,20,672.117456735935,0.11252914053135653,Total.PRM,119101A,Water Level
Sampling.Year2022-2023,-2.289733168194336,4.96297984655054,-0.4613625763130567,0.6452392083459639,-12.099982401930099,7.520516065541426,8.491455857242245,143.05862698469664,16713,0.3707180178991262,0.3619815472652956,20,0.5673527869198037,15.715140307162455,Total.PRM,119101A,Water Level
Sampling.Year2023-2024,-4.00027469928101,5.105681518754836,-0.7834947566914807,0.43488976049632855,-14.109801608240517,6.109252209678497,9.85032151694719,119.2669714970299,16713,0.40663152476022724,0.3967640030648893,20,0.6577260062077638,15.725146178160141,Total.PRM,119101A,Water Level
(Intercept),1.648781468960963,4.281884186668279,0.3850598000979272,0.7047117816390089,-7.34806147049922,10.645624408421146,17.244704548414724,17.97385444389602,18722,0.9887703748265007,0.9875866801579549,20,79.55862675937142,0.22759241220440743,OtherHerb.PRM,125013A,Water Level
WaterLevel_m,0.17162386907785968,0.29347337049985656,0.5848021876245278,0.5671880842954271,-0.4527233802305446,0.7959711183862639,0.08168891591158088,15.331641024548501,18722,0.9963458829511262,0.9958983936824873,20,242.80691918926993,3.5325748538615124e-4,OtherHerb.PRM,125013A,Water Level
Rel.Month2,-0.46385623503883144,0.7984487043379438,-0.5809468191490784,0.5713770822358577,-2.1917762030733563,1.2640637329956932,0.6059057174674253,12.783352395741423,18722,0.9981927632786237,0.9979305285668514,20,482.2151746489955,0.001319330118144638,OtherHerb.PRM,125013A,Water Level
Rel.Month3,-0.7659159294241488,0.7280771208055454,-1.0519708799209875,0.31173585224027245,-2.3367979506839127,0.8049660918356151,0.5037084840275664,13.167621539110021,18722,0.9980123504473453,0.9977317600113051,20,439.8704568229616,0.0012023856115479317,OtherHerb.PRM,125013A,Water Level
Rel.Month4,-3.098069021104362,0.6288745365712871,-4.926370588950019,1.8006994527935838e-4,-4.437893505477649,-1.7582445367310753,0.3752233054550613,15.076203813800658,18722,0.9966297164245718,0.9962104279389986,20,262.8820383681368,0.0014987120199368023,OtherHerb.PRM,125013A,Water Level
Rel.Month5,-3.2573606491282674,0.6661888199421081,-4.889545653755241,2.1709355155401293e-4,-4.681781211819464,-1.8329400864370702,0.4213277790143167,14.47792447351839,18722,0.9971797614067134,0.9968153406346505,20,313.00532530430837,0.0014133758508259576,OtherHerb.PRM,125013A,Water Level
Rel.Month6,-2.3108431563073903,0.815723364245478,-2.832876018507644,0.014559709693177877,-4.079973295843273,-0.5417130167715076,0.6324847312307806,12.52171863033331,18722,0.9983037480558103,0.9980528551049124,20,512.5724632115451,0.001295639183641111,OtherHerb.PRM,125013A,Water Level
Sampling.Year2022-2023,-0.5698905172102368,0.7598207516797703,-0.7500328412330854,0.45532798029546795,-2.08084999670312,0.9410689622826466,0.2602197464129494,84.10443627249062,18722,0.4853623770383678,0.4732681162570886,20,0.8984990862791257,0.30409684094961414,OtherHerb.PRM,125013A,Water Level
Sampling.Year2023-2024,0.07136540233057524,0.7277233521522358,0.09806666519565801,0.9220684995001304,-1.371771966808645,1.5145027714697954,0.21475297803424873,103.78824787329587,18722,0.436544577800374,0.42579040576992033,20,0.7415243667964742,0.304090650331726,OtherHerb.PRM,125013A,Water Level
(Intercept),1.2577207247500985e-5,5.431151811035718e-6,2.3157532113068515,0.02871680876968962,1.4136212962412304e-6,2.3740793198760742e-5,2.3896404601364413e-11,26.014674364543712,18722,0.8609212126849757,0.8506246764070806,20,5.694546166977483,4.406185163083927e-12,Fungicide.PRM,125013A,Water Level
WaterLevel_m,-7.638212052542931e-8,1.946762845016057e-7,-0.39235452187191966,0.695737251767604,-4.632163702841534e-7,3.1045212923329476e-7,1.6629444268969743e-14,88.7233643943307,18722,0.47248285376306304,0.46072410731395486,20,0.8543384074136214,2.043793926493189e-14,Fungicide.PRM,125013A,Water Level
Rel.Month2,-2.1276518038082416e-7,3.866361832173358e-7,-0.5502981604316756,0.5836738567135256,-9.823939299264853e-7,5.568635691648368e-7,6.967318545276342e-14,78.67995143837805,18722,0.501887078432483,0.48938423643582984,20,0.9584197577839328,7.633069344746766e-14,Fungicide.PRM,125013A,Water Level
Rel.Month3,-1.7680747443082026e-7,3.490674806578961e-7,-0.5065137379671886,0.6135869460501853,-8.691641266610551e-7,5.155491777994145e-7,4.979363079073968e-14,102.20958704679367,18722,0.43993885624845736,0.42908596632268686,20,0.7515771920317007,6.956479372257402e-14,Fungicide.PRM,125013A,Water Level
Rel.Month4,-1.2481027178132828e-7,3.899170155225793e-7,-0.3200944478251444,0.749551957671005,-8.982152495599206e-7,6.48594705997264e-7,6.221555249693257e-14,101.92943821460439,18722,0.44054932670955355,0.4296787597853659,20,0.7533977861733873,8.670894887225614e-14,Fungicide.PRM,125013A,Water Level
Rel.Month5,-1.8241575212051258e-7,4.101836140627856e-7,-0.44471730675372795,0.6578700923901348,-1.00022803361757e-6,6.353965293765448e-7,8.236078798256871e-14,71.355540980217,18722,0.5270608784028202,0.5139882342019708,20,1.0575633562245235,8.177176986391108e-14,Fungicide.PRM,125013A,Water Level
Rel.Month6,-1.4613129401746866e-7,4.3769127604012307e-7,-0.3338684182594328,0.7398499271373542,-1.0248662939597012e-6,7.32603705924764e-7,1.110605847080763e-13,50.92100694172551,18722,0.6232275522175234,0.6087142571188611,20,1.5556770677018268,7.496003917815107e-14,Fungicide.PRM,125013A,Water Level
Sampling.Year2022-2023,1.1588626249631715e-7,3.2945008962621483e-7,0.351756657974501,0.7254910521642282,-5.348252043818873e-7,7.665977293745216e-7,3.567580662164405e-14,157.46047891939745,18722,0.3532932695465926,0.34513089701227306,20,0.5270227216976233,7.107776460199474e-14,Fungicide.PRM,125013A,Water Level
Sampling.Year2023-2024,6.829212627819089e-9,3.0685211855683954e-7,0.02225571281677198,0.9822587676212449,-5.970253454758107e-7,6.106837707314489e-7,2.232249468316677e-14,300.0797521530141,18722,0.2538842808410915,0.2489280145108355,20,0.33143030138277824,7.07196032454956e-14,Fungicide.PRM,125013A,Water Level
(Intercept),10.905056929269417,26.087034605796937,0.41802593104415736,0.6810139368383674,-44.015192026949876,65.8253058854887,641.872705644148,17.49584402794712,18722,0.9912918047784043,0.9903501667316692,20,102.62873349136989,6.567033597691524,Insecticide.PRM,125013A,Water Level
WaterLevel_m,1.102905005123272,1.7568399351183808,0.6277777406334717,0.5393205262930552,-2.6323076098083344,4.838117620054879,2.927004456511262,15.446375210360543,18722,0.9962066613594496,0.9957453635242693,20,234.03770667699314,0.013131878289930912,Insecticide.PRM,125013A,Water Level
Rel.Month2,-4.651278660851598,5.147305710521111,-0.9036336527174533,0.3835450543706307,-15.835942769149824,6.533385447446627,25.186392124771665,12.300904717421782,18722,0.9983908627122886,0.9981489036392935,20,539.2203911299072,0.04904434655298308,Insecticide.PRM,125013A,Water Level
Rel.Month3,-10.390372181001412,3.896127971956431,-2.6668457134337693,0.018245050714218287,-18.73616053765719,-2.044583824345633,14.414396270638171,14.191658696642449,18722,0.997398042287618,0.9970554914491164,20,338.6152474068861,0.04469708969124907,Insecticide.PRM,125013A,Water Level
Rel.Month4,-21.93842822171713,3.829961610684109,-5.728106558696937,3.9103514576998025e-5,-30.09785955675821,-13.778996886676047,13.917041246266345,15.083592726809483,18722,0.9966219725505362,0.9962019137357127,20,262.2904916886171,0.05571263073435243,Insecticide.PRM,125013A,Water Level
Rel.Month5,-24.021172113063624,2.4729658469820763,-9.713507423637996,2.0619384166934157e-8,-29.23277086145261,-18.809573364674637,5.774304484249052,17.256574765041098,18722,0.9922569833347344,0.9914087391525791,20,115.39735048903803,0.05254037187827333,Insecticide.PRM,125013A,Water Level
Rel.Month6,-15.552439303770644,4.227597720600543,-3.678788837449125,0.002518846716721084,-24.628583803781197,-6.4762948037600925,16.975636971170605,13.85598991457889,18722,0.9976249127266198,0.9973051646267574,20,370.08018171690424,0.04816366749777502,Insecticide.PRM,125013A,Water Level
Sampling.Year2022-2023,-4.456822773176783,4.166940086766629,-1.069567279676222,0.28919537951774293,-12.795852983020751,3.882207436667186,9.376969334284954,58.662991403138214,18722,0.5810873140063492,0.5670446830171286,20,1.3097071701733187,7.51757188570348,Insecticide.PRM,125013A,Water Level
Sampling.Year2023-2024,0.7335363401007169,3.8961984627186843,0.18826975759054915,0.8511807604102473,-7.029865896701725,8.49693857690316,7.298114955058111,73.96712411901005,18722,0.5176661463117443,0.5047982696429648,20,1.0193790503902536,7.51734175808042,Insecticide.PRM,125013A,Water Level
(Intercept),19.224109108810854,6.182459500715515,3.1094597718894867,0.005662573327655323,6.303342724718188,32.14487549290352,35.348464718362585,19.428062809336833,18722,0.9736228345501933,0.9710403904196857,20,33.53085226258577,1.1069175237068216,PSII.PRM,125013A,Water Level
WaterLevel_m,-0.965952937621929,0.42936939072102365,-2.2497014423870345,0.037083107344964894,-1.867374590623029,-0.06453128462082902,0.17312701502259337,18.18289826399209,18722,0.9873527923403578,0.986034200385629,20,70.60349049910346,0.0025747079144200578,PSII.PRM,125013A,Water Level
Rel.Month2,-0.14875268831510205,1.6831798809500047,-0.08837598999290822,0.9307703400301985,-3.742688565742208,3.4451831891120035,2.6890272463636187,14.702969164826746,18722,0.9969893194710499,0.9966058658073066,20,293.62594677391,0.009615902953071988,PSII.PRM,125013A,Water Level
Rel.Month3,-1.6447215412011797,1.1401094964025011,-1.4425996330974615,0.16761710728075604,-4.053336278980663,0.763893196578304,1.2296058169546171,16.709106602630552,18722,0.9939421717943036,0.9932580234245831,20,147.32445482624405,0.008763555984816426,PSII.PRM,125013A,Water Level
Rel.Month4,-4.097788472444987,2.0503764447627,-1.9985542083806194,0.06588092858604237,-8.504024997663324,0.3084480527733504,3.9934478495234123,13.714101315807394,18722,0.9977126201597037,0.9974017102656909,20,383.86854902880333,0.010923323238145658,PSII.PRM,125013A,Water Level
Rel.Month5,-4.539912936009058,1.5808962076686348,-2.8717337128059266,0.011434643591084592,-7.902886913852078,-1.1769389581660379,2.370410920583495,15.347157326094965,18722,0.9963275067735232,0.9958781940088367,20,241.61209822682355,0.010301352808401509,PSII.PRM,125013A,Water Level
Rel.Month6,-4.484855974931636,1.530327603052386,-2.9306509050651366,0.010175007341110851,-7.741519352133839,-1.2281925977294343,2.2213898480624565,15.277499311035134,18722,0.9964089392315895,0.9959677091999009,20,246.99798664704625,0.009443232198481859,PSII.PRM,125013A,Water Level
Sampling.Year2022-2023,0.2574644179468609,1.5738393038754002,0.163590029371413,0.8705846044292155,-2.888431706176806,3.4033605420705277,1.2993675338580346,62.162728820528336,18722,0.5645951422278079,0.5508083769659917,20,1.2262213913198687,1.1126342438720673,PSII.PRM,125013A,Water Level
Sampling.Year2023-2024,0.36645083528599326,1.5828899541344517,0.23150746160769853,0.8176951447713429,-2.798710431649115,3.5316121022211013,1.326620460107524,61.02175148558869,18722,0.5698203719709828,0.5559484764593259,20,1.2519909221939698,1.1125891237868668,PSII.PRM,125013A,Water Level
(Intercept),8.72192131272007,21.097479989994337,0.41341057400488196,0.6839997750864575,-35.47816737357959,52.92200999901973,415.7145947040112,18.733498809870564,18722,0.9824498740150044,0.9806711599456863,20,50.73616198333755,8.603337488999747,Total.PRM,125013A,Water Level
WaterLevel_m,1.7891283565161948,1.3931609297468535,1.2842223165426347,0.21561139843015203,-1.141243917643106,4.719500630675496,1.828579015372728,17.70912809970627,18722,0.990276663054442,0.9892372413460929,20,91.91298189957875,0.0208894100317527,Total.PRM,125013A,Water Level
Rel.Month2,-4.514781938899723,5.730619473729217,-0.7878348858438013,0.44455026575050627,-16.861488849397258,7.831924971597812,31.201888311034853,13.356905482628143,18722,0.9979148138443079,0.9976243353483374,20,419.9348315639492,0.07801682609792629,Total.PRM,125013A,Water Level
Rel.Month3,-12.04917096988808,4.992180116975754,-2.4136090220213102,0.029992999577128268,-22.75108943999069,-1.3472524997854691,23.66739128722254,14.073489370103792,18722,0.9974812237470686,0.9971470242540266,20,349.5112167221865,0.07110146874438258,Total.PRM,125013A,Water Level
Rel.Month4,-24.82878755607493,5.0646684774146244,-4.902351983510153,2.003052914575469e-4,-35.63888480199157,-14.018690310158284,24.344992810108476,14.764567010650651,18722,0.9969339561128528,0.9965449769692994,20,288.43367124161324,0.08862433550346863,Total.PRM,125013A,Water Level
Rel.Month5,-29.685876610150547,3.464483939455543,-8.568628727664356,1.5600930614841132e-7,-37.00239592134123,-22.36935729895986,11.35149606831867,16.786233618502752,18722,0.9937405493012259,0.9930366958791881,20,142.6099849511404,0.08357809501079602,Total.PRM,125013A,Water Level
Rel.Month6,-22.55426017546944,5.271264664667838,-4.27871898116705,7.710244525552436e-4,-33.86425456494935,-11.244265785989537,26.390109781597946,13.944066311604713,18722,0.9975681298928093,0.9972426669222251,20,361.66927926131734,0.07661589429788639,Total.PRM,125013A,Water Level
Sampling.Year2022-2023,-7.065483465419022,4.700084693145165,-1.503267265741758,0.13929134470997823,-16.51450719303522,2.3835402621971786,13.16048327901428,48.22321419932388,18722,0.6401533560223512,0.6255323423469544,20,1.6704575937677566,8.272288679772483,Total.PRM,125013A,Water Level
Sampling.Year2023-2024,-2.3353576243690872,4.432618612149278,-0.5268573339398411,0.6003635347144307,-11.214013817384458,6.543298568646283,10.834462051523374,56.27166616483816,18722,0.5932023707228611,0.578996476027697,20,1.375277029903883,8.271922606672646,Total.PRM,125013A,Water Level
(Intercept),15.666684893368723,3.7684035313865043,4.15737984610276,1.7040472338671772e-4,8.044550533181825,23.288819253555623,9.405300104805693,39.029026811485664,19446,0.7099137557517697,0.6954199612553721,20,2.2832092481229216,4.325300065320297,OtherHerb.PRM,126001A,Water Level
WaterLevel_m,-1.1757216405111708,0.7032991000812354,-1.6717235104884502,0.12089295039993123,-2.711162694022498,0.35971941300015664,0.47032757273006465,11.786515507264268,19446,0.9986264389533119,0.9984115937054557,20,628.5618466350232,7.856728085077684e-4,OtherHerb.PRM,126001A,Water Level
Rel.Month2,-0.3957847130536883,3.5395601897584004,-0.11181748348251802,0.9128790454719706,-8.13714010379414,7.345570677686764,11.913687045314408,11.60366763274002,19446,0.9986832318226054,0.998474281822373,20,654.4290396902628,0.01911493934239339,OtherHerb.PRM,126001A,Water Level
Rel.Month3,-7.941319319104832,3.739802262004136,-2.123459681220988,0.056594087595738675,-16.146671833574167,0.26403319536450187,13.301126367804764,11.292021461261283,19446,0.9987739169126069,0.9985744244058198,20,700.4710437541324,0.019938272696247494,OtherHerb.PRM,126001A,Water Level
Rel.Month4,-8.340310824006497,3.592187918418755,-2.3217913465055635,0.03919462904682556,-16.1913027178666,-0.4893189301463945,12.270303496075686,11.674296084324544,19446,0.9986616246549581,0.9984504294396757,20,644.3400868629789,0.01999537035419505,OtherHerb.PRM,126001A,Water Level
Rel.Month5,-7.54609496740137,3.6487980931922217,-2.068104283840908,0.06133923482825194,-15.513382897390683,0.42119296258794314,12.659671908029585,11.770320032299379,19446,0.9986315831573344,0.9984172710901027,20,630.820139094419,0.021072021452126572,OtherHerb.PRM,126001A,Water Level
Rel.Month6,-7.3850287662846785,3.6805371874425994,-2.0065083954269523,0.06883081693149905,-15.440450359046944,0.6703928264775865,12.881910985280099,11.532291890056813,19446,0.998704659227283,0.9984979387352804,20,664.7518061932021,0.02034745360377845,OtherHerb.PRM,126001A,Water Level
Sampling.Year2022-2023,1.9338424578389366,3.5065687447851044,0.5514913861919595,0.5818797054842803,-4.97850435538092,8.846189271058794,3.4846384530699233,211.26080316859273,19446,0.3041221353681496,0.29756531607561976,20,0.4236199078513239,8.637153986180362,OtherHerb.PRM,126001A,Water Level
Sampling.Year2023-2024,4.323081935236822,4.004247941698371,1.079623938922029,0.28324282859329486,-3.6338776024649366,12.280041472938581,7.04506196308146,88.51224492392522,19446,0.473123929621687,0.4613517732909839,20,0.8564991963488102,8.636686517360104,OtherHerb.PRM,126001A,Water Level
(Intercept),0.07259678474325706,0.04914349777021693,1.4772408973146764,0.14910291160276523,-0.027390861873484662,0.1725844313599988,0.001740200501985473,32.96139645077026,19446,0.7701204892260862,0.7565827943844067,20,3.108173033500389,5.878728460065697e-4,Fungicide.PRM,126001A,Water Level
WaterLevel_m,0.004328230019483462,0.003481059421677491,1.2433657387548207,0.23043224635878856,-0.0030102546852239977,0.011666714724190922,1.1448160283207333e-5,17.181596013960043,19446,0.9927731593159742,0.9919781971269038,20,123.6602560321986,9.720639988192964e-8,Fungicide.PRM,126001A,Water Level
Rel.Month2,-0.056961948089727286,0.03777671642444125,-1.5078586357196821,0.15750667035180696,-0.13928764013647454,0.025363743957019978,0.0013568717442875165,11.977309154928562,19446,0.9985640857527263,0.9983427896072571,20,602.4236837876072,2.3649723107569514e-6,Fungicide.PRM,126001A,Water Level
Rel.Month3,-0.05819458878563074,0.03952298632842604,-1.4724238776404293,0.16715780100057542,-0.14450288013320517,0.028113702561943683,0.001485332962001673,11.760259553277804,19446,0.9986347673144368,0.9984207853527277,20,632.2261429611409,2.4668382151948054e-6,Fungicide.PRM,126001A,Water Level
Rel.Month4,-0.04632678394014721,0.046048526512643205,-1.0060426999206502,0.3373295321777162,-0.14845716054132146,0.055803592661027045,0.0020171360870790984,10.352926814390282,19446,0.9990080666721373,0.9988333217197423,20,856.1343247935055,2.473902552550852e-6,Fungicide.PRM,126001A,Water Level
Rel.Month5,-0.04450347849439602,0.045753117592647365,-0.9726873453875379,0.3522602084172487,-0.14559687878729644,0.05658992179850439,0.001991181580537105,10.66149637445302,19446,0.9989369003815372,0.9987545739314272,20,801.9380669266874,2.6071098826576767e-6,Fungicide.PRM,126001A,Water Level
Rel.Month6,-0.06035842667489776,0.03918729048498325,-1.5402551676296015,0.14959529245948186,-0.14579679813068028,0.025079944780884746,0.0014601202589864756,11.928744839164743,19446,0.9985802698681806,0.9983606460532658,20,608.996396441471,2.517463618658939e-6,Fungicide.PRM,126001A,Water Level
Sampling.Year2022-2023,-0.03355410225306046,0.04038294139717784,-0.8308979260090595,0.40686357647131244,-0.11310751219484644,0.04599930768872552,4.349522585181337e-4,238.1398264303439,19446,0.28602085016040396,0.28004962269488964,20,0.38898461827766556,0.0011740820844438591,Fungicide.PRM,126001A,Water Level
Sampling.Year2023-2024,-0.02264647706712186,0.0418063153557647,-0.5416999052512558,0.5887183614035881,-0.10515936012506072,0.059866405990816995,5.464226250312435e-4,173.9649824520275,19446,0.33586390801693744,0.3282722621609998,20,0.4886983872618941,0.0011740242473428416,Fungicide.PRM,126001A,Water Level
(Intercept),44.327272328749686,4.2077809558599135,10.534595976774376,1.3537997238286485e-20,36.025408872493884,52.62913578500549,5.388787385057011,183.45983046685157,19446,0.32687430326110467,0.31957595873768974,20,0.46967176254504217,12.047193818187505,Insecticide.PRM,126001A,Water Level
WaterLevel_m,1.4395094531335282,0.9943057762527331,1.4477532842649734,0.17428190983487132,-0.7363076828792305,3.615326589146287,0.9401460932852309,11.549427190761612,19446,0.9986995519566263,0.9984922997811116,20,662.2618258404882,0.001490578740057497,Insecticide.PRM,126001A,Water Level
Rel.Month2,-12.641017206476635,2.3435910646271134,-5.393866445931315,5.107745885979939e-5,-17.591360183642813,-7.690674229310456,5.196337341217826,16.742556691894027,19446,0.9940661677473913,0.9933972864406381,20,150.45288236562962,0.03626486992132997,Insecticide.PRM,126001A,Water Level
Rel.Month3,-18.429950126902025,4.090263636740512,-4.505809836157323,5.581456750283527e-4,-27.245656103764482,-9.614244150039568,15.897552114076104,13.308413448134617,19446,0.9980162913063687,0.9977390126687584,20,441.2846542226733,0.03782689826181191,Insecticide.PRM,126001A,Water Level
Rel.Month4,-25.641783926224,3.801003854894346,-6.74605575398364,9.730977503907098e-6,-33.79963349386886,-17.48393435857914,13.723519124725998,13.899975873345543,19446,0.9976850292243153,0.9973742943888549,20,379.85000685354936,0.03793522395938231,Insecticide.PRM,126001A,Water Level
Rel.Month5,-34.08089732637358,2.0974710190666275,-16.248566495826744,5.685130932557761e-12,-38.49768220756348,-29.664112445183683,4.151816027626372,17.44013707567488,19446,0.9918020020951268,0.9909128549189176,20,109.04556338401619,0.03997784681670679,Insecticide.PRM,126001A,Water Level
Rel.Month6,-30.794826312439053,2.4670324581057566,-12.48253796226257,7.134527051701164e-10,-36.00825503243707,-25.581397592441036,5.75966281230275,16.645983862376013,19446,0.9943030076721686,0.9936573092093044,20,156.66179260495412,0.03860319642944417,Insecticide.PRM,126001A,Water Level
Sampling.Year2022-2023,5.03330754421883,5.402360958570557,0.9316866427138224,0.351876218266854,-5.5766990399004,15.643314128338059,4.872977448302919,595.2403559982312,19446,0.17807100094650657,0.1753139618068884,20,0.21258267229914743,24.068877605969323,Insecticide.PRM,126001A,Water Level
Sampling.Year2023-2024,11.083660462390514,5.2550848242746495,2.109130648318388,0.035163459512356554,0.7723052287273351,21.39501569605369,3.3789769392610736,1077.9061400438377,19446,0.13008653086236563,0.1284739467146801,20,0.1474126289516905,24.067990724097594,Insecticide.PRM,126001A,Water Level
(Intercept),21.047830499512393,3.6631044212682546,5.745899673868737,6.916712973752328e-7,13.674690008108875,28.42097099091591,8.179720282228997,46.070917955560496,19446,0.6547421658651748,0.6400724781203646,20,1.7783371351480408,4.8296277047745875,PSII.PRM,126001A,Water Level
WaterLevel_m,0.26050143397461284,0.8086935035024226,0.3221262849848434,0.7525248256269755,-1.4882035509761338,2.0092064189253596,0.6215724453228679,12.88194944704528,19446,0.998216915135207,0.9979600225609191,20,489.2014997041024,0.001334115018011541,PSII.PRM,126001A,Water Level
Rel.Month2,-6.851725716616356,4.483011172793764,-1.528375784159921,0.15263758689792414,-16.632025589656813,2.9285741564240997,19.10945806878282,11.861572621379254,19446,0.9986022994432455,0.9983849542401511,20,618.177502496005,0.03245820317175265,PSII.PRM,126001A,Water Level
Rel.Month3,-7.89334656097803,3.1097462915953415,-2.538260623482772,0.022776079688297826,-14.524101326573167,-1.2625917953828916,9.177776885955945,14.935668508605144,19446,0.9968894163635724,0.9964990237503291,20,284.6346140862815,0.03385626783723702,PSII.PRM,126001A,Water Level
Rel.Month4,-7.976217545564638,4.743104717547099,-1.6816448340380616,0.11944178020240584,-18.354966014718308,2.4025309235890324,21.393418227487622,11.554064098629405,19446,0.9986981659242875,0.9984907694882832,20,661.5893077542197,0.033953222755539206,PSII.PRM,126001A,Water Level
Rel.Month5,-16.46078545596247,4.489397599454078,-3.666591138633865,0.003110090698087406,-26.217411891384018,-6.704159020540921,19.160866067906582,12.28292720294773,19446,0.9984569895832069,0.9982246597069353,20,562.2722942786812,0.035781434682126266,PSII.PRM,126001A,Water Level
Rel.Month6,-15.345337260669444,3.6450034096023582,-4.209965132061016,8.915488816437201e-4,-23.170348399627837,-7.520326121711052,12.620475025537162,13.86296199696859,19446,0.9977078805557393,0.9973994468202932,20,383.53357070464733,0.03455107919879789,PSII.PRM,126001A,Water Level
Sampling.Year2022-2023,-3.3966804695012867,4.170644336715822,-0.8144258285461968,0.4174448297612521,-11.676819478202951,4.883458539200377,7.38842957819481,94.67805597546501,19446,0.4573436557863298,0.44600027430389616,20,0.8050550453675663,9.636423126275206,PSII.PRM,126001A,Water Level
Sampling.Year2023-2024,-3.2791390387011483,4.557290123175234,-0.7195370384750599,0.4743642546604222,-12.37899580738602,5.820717729983723,10.603108501530823,65.63926138010584,19446,0.5495731155173513,0.5360547518634253,20,1.1554267535155855,9.63562934018317,PSII.PRM,126001A,Water Level
(Intercept),62.80023160035109,4.867452925414328,12.902072719071114,1.7052695659968719e-16,52.98833498110889,72.61212821959329,14.836977500657362,43.65504528907438,19446,0.6722336131077808,0.6575536868073854,20,1.9201657646041974,8.113271605434276,Total.PRM,126001A,Water Level
WaterLevel_m,1.1673698355283981,1.3246581790768532,0.8812611841810629,0.39608902294018977,-1.7302653119444484,4.065004983001245,1.6686208445063768,11.586933491267194,19446,0.998688291931406,0.9984798681609135,20,656.837678474609,0.00266740466350915,Total.PRM,126001A,Water Level
Rel.Month2,-13.486900988681734,5.969385618005894,-2.259344906115666,0.04260631389489898,-26.447282038532602,-0.5265199388308659,33.874922219924784,12.394749694051537,19446,0.9984153884829552,0.9981787865974044,20,548.084472239704,0.06489632553458861,Total.PRM,126001A,Water Level
Rel.Month3,-26.083887270876012,5.743133797305052,-4.5417516275027054,5.633339039778325e-4,-38.50023829127871,-13.667536250473312,31.348470689350496,12.907294985918021,19446,0.9982057490766458,0.9979477188953388,20,486.2626843022356,0.06769158992952709,Total.PRM,126001A,Water Level
Rel.Month4,-30.175970552554304,5.856176741139715,-5.152844916815391,1.974065773553551e-4,-42.852292502636516,-17.499648602472092,32.59706722255469,12.754283362126534,19446,0.9982718254714144,0.9980205329128585,20,504.18647493354365,0.06788543978335367,Total.PRM,126001A,Water Level
Rel.Month5,-40.745378448315094,3.8751796592780092,-10.514448885166379,1.4562667019050028e-8,-48.964954527318966,-32.52580236931122,14.233787294380294,15.891467670196896,19446,0.9957403748141335,0.9952360225258615,20,208.9086331597011,0.071540732582718,Total.PRM,126001A,Water Level
Rel.Month6,-40.311546800731016,3.7880866520569407,-10.641664381896264,1.2071871257982491e-8,-48.34516114622573,-32.277932455236304,13.600494953043768,15.9212496922725,19446,0.9956947333244541,0.9951858741380655,20,206.72203068204377,0.06908078279600795,Total.PRM,126001A,Water Level
Sampling.Year2022-2023,2.0943142054959187,5.4698665089452945,0.382882142017712,0.7027165583760893,-8.773614789113452,12.962243200105291,13.084330339408734,89.34560160009438,19446,0.4708974874425177,0.45918463140555194,20,0.8490598789730214,16.18089276930221,Total.PRM,126001A,Water Level
Sampling.Year2023-2024,6.96132583290749,5.986689307575574,1.1628005856423196,0.24931800483951236,-5.003291186710931,18.92594285252591,18.724898263374442,62.68595475152487,19446,0.5623191072800026,0.5485741333865393,20,1.215203146203988,16.179305688896545,Total.PRM,126001A,Water Level
(Intercept),0.6476144087342619,3.28394770742863,0.19720606612257893,0.8451283235197447,-6.087267696637944,7.382496514106469,8.523592600673595,27.27890259287949,14331,0.8411243958014673,0.8298880613166533,20,4.878482179087036,1.8345403144184786,OtherHerb.PRM,1300040,Water Level
WaterLevel_m,0.40248737392982964,0.47881294047653655,0.8405941859659344,0.4126450806005457,-0.6104175809444221,1.4153923288040813,0.2166621712902321,16.425562629500245,14331,0.9930879336521862,0.9922946087541872,20,128.77926338826714,0.0017665521130436161,OtherHerb.PRM,1300040,Water Level
Rel.Month2,1.937088472715628,0.6876439374903839,2.8169934570865265,0.012548996027601317,0.4773773937374579,3.396799551693798,0.4476142419115034,15.73848922492088,14331,0.9945986334042365,0.9939532505954078,20,164.37811195558518,0.002859230760200426,OtherHerb.PRM,1300040,Water Level
Rel.Month3,1.4823377736222063,0.6182617194082005,2.397589446490555,0.028406071228869553,0.17680410494708299,2.7878714422973294,0.3607841160443164,16.81142847746243,14331,0.9919461894996854,0.9910418476036376,20,110.63016163981024,0.0034242318390522246,OtherHerb.PRM,1300040,Water Level
Rel.Month4,2.3314493406246397,1.1755193040016605,1.983335648073157,0.07077430362629189,-0.2307997760742424,4.893698457323522,1.3131028890176195,11.957392172215632,14331,0.9980643656953594,0.9977655965790257,20,446.54675481294777,0.0030876006120479885,OtherHerb.PRM,1300040,Water Level
Rel.Month5,0.9658137197951147,1.4324781494485197,0.6742257954628745,0.513863023257197,-2.180750739866702,4.112378179456932,1.9505920203927896,11.18345487064981,14331,0.99837912016641,0.9981130413159035,20,528.9533097508349,0.003872027235026099,OtherHerb.PRM,1300040,Water Level
Rel.Month6,0.3243641623374281,0.8985467195172196,0.36098753163520064,0.7230897044598179,-1.5890804553505034,2.2378087800253597,0.7650671290605999,15.160309696962775,14331,0.9955189195147899,0.9949643409740021,20,197.58373945440593,0.004065721641527099,OtherHerb.PRM,1300040,Water Level
Sampling.Year2022-2023,1.9761585629648588,1.998349584207988,0.9888953257135317,0.32291149628432647,-1.9444451806903371,5.8967623066200545,0.4524520842766217,1213.4617891841283,14331,0.12041345345783391,0.11896493271494077,20,0.13502860116741486,3.5183263722137856,OtherHerb.PRM,1300040,Water Level
Sampling.Year2023-2024,-0.11932200724956563,1.9981282652410808,-0.05971689071480556,0.9523909213334592,-4.039479446853549,3.800835432354418,0.45158354562652264,1217.2229261551656,14331,0.12020725640564857,0.11876286929930659,20,0.13476834459400877,3.518353841447482,OtherHerb.PRM,1300040,Water Level
(Intercept),3.8732274395139683e-10,4.4296360753478835e-10,0.8743895375670975,0.38477106617894463,-4.954882836345498e-10,1.2701337715373434e-9,0,73.0696125745267,75,0.026291707454676017,0,20,0,1.96216757600234e-19,Fungicide.PRM,1300040,Water Level
WaterLevel_m,6.114436132720957e-12,3.1010157897178663e-11,0.19717526602072719,0.84423783125478,-5.5687727505881694e-11,6.79165997713236e-11,0,73.0696125745267,75,0.026291707454676017,0,20,0,9.616298928079522e-22,Fungicide.PRM,1300040,Water Level
Rel.Month2,6.091445325983077e-11,4.1574087839789183e-11,1.4652023994987466,0.147155531684346,-2.194125448340699e-11,1.4377016100306852e-10,0,73.0696125745267,75,0.026291707454676017,0,20,0,1.728404779710507e-21,Fungicide.PRM,1300040,Water Level
Rel.Month3,5.611856032208857e-11,5.379523222999754e-11,1.0431883643918072,0.3003001778318329,-5.109346214740749e-11,1.6333058279158463e-10,0,73.0696125745267,75,0.026291707454676017,0,20,0,2.8939270106793664e-21,Fungicide.PRM,1300040,Water Level
Rel.Month4,5.554683554444324e-11,6.873610269536113e-11,0.8081173265034707,0.42164621744612096,-8.144182090625471e-11,1.925354919951412e-10,0,73.0696125745267,75,0.026291707454676017,0,20,0,4.724651813747232e-21,Fungicide.PRM,1300040,Water Level
Rel.Month5,7.74069307131575e-11,9.399046539262519e-11,0.8235615217969877,0.4128687040189075,-1.0991279019648459e-10,2.6472665162279957e-10,0,73.0696125745267,75,0.026291707454676017,0,20,0,8.834207584722274e-21,Fungicide.PRM,1300040,Water Level
Rel.Month6,4.2314085310212433e-11,1.1329826296935315e-10,0.37347514605460697,0.7098762267082119,-1.834854030773799e-10,2.6811357369780474e-10,0,73.0696125745267,75,0.026291707454676017,0,20,0,1.2836496391872699e-20,Fungicide.PRM,1300040,Water Level
Sampling.Year2022-2023,-4.668200129411899e-10,5.535242180743421e-10,-0.8433596899611947,0.40177970548553077,-1.5699744830599131e-9,6.363344571775334e-10,0,73.0696125745267,75,0.026291707454676017,0,20,0,3.063890599948118e-19,Fungicide.PRM,1300040,Water Level
Sampling.Year2023-2024,-4.6250674035462354e-10,5.535991261698724e-10,-0.83545424566422255,0.4061855224166723,-1.5658104996963546e-9,6.407970189871075e-10,0,73.0696125745267,75,0.026291707454676017,0,20,0,3.064719924960463e-19,Fungicide.PRM,1300040,Water Level
(Intercept),-2.173097208412332,2.3415589574310878,-0.9280557303568499,0.363864552848438,-7.040958020472643,2.6947636036479787,4.894310418000261,21.11953226107883,14331,0.942483268507935,0.9372827307376793,20,14.944571754510038,0.3438724122254889,Insecticide.PRM,1300040,Water Level
WaterLevel_m,0.3337262146151856,0.3678818376513334,0.9071559953755601,0.37607456499511893,-0.4380674230608256,1.1055198522911969,0.12649908967602014,18.36426141780707,14331,0.9831698011360847,0.9814315268481287,20,52.854724177966354,0.0025130023139008596,Insecticide.PRM,1300040,Water Level
Rel.Month2,0.10949339407258911,0.4210216224472842,0.2600659639192253,0.7976447606674397,-0.7724564338399794,0.9914432219851576,0.16494458876187928,18.76688471302094,14331,0.979162347388004,0.9770540078176043,20,42.58059534105511,0.004067388368170282,Insecticide.PRM,1300040,Water Level
Rel.Month3,0.748863649061536,0.9088842948343685,0.8239372748739222,0.4223453739315035,-1.1812673649317373,2.678994663054809,0.7820947931322375,15.662248540342201,14331,0.9947351980677647,0.9941032543154569,20,168.58506496579128,0.0048711286077179165,Insecticide.PRM,1300040,Water Level
Rel.Month4,0.17733680408360988,0.3216872330661794,0.5512708800822291,0.5875428176393847,-0.49360739368760087,0.8482810018548206,0.09437182937476604,20.03895345912965,14331,0.9612402213452058,0.9575556484666081,20,22.560260997585946,0.004392255074270084,Insecticide.PRM,1300040,Water Level
Rel.Month5,0.29139640319175086,0.44360732583857815,0.656879150137808,0.5190756965563736,-0.6365929559076747,1.2193857622911763,0.18217078210505663,19.149831960904194,14331,0.9745370678963717,0.9720097086456313,20,34.72667348615949,0.005508138327344971,Insecticide.PRM,1300040,Water Level
Rel.Month6,0.7969362332209534,1.3877060729271282,0.5742831632493709,0.5754068587981914,-2.195600152749837,3.7894726191917436,1.828518540223474,13.235805040668625,14331,0.9973665971413975,0.996996628200255,20,331.95910951981466,0.005783677604184096,Insecticide.PRM,1300040,Water Level
Sampling.Year2022-2023,0.23422907010946112,0.8288298572716791,0.2826021143597437,0.7777853909400615,-1.4005216191872563,1.8689797594061786,0.20349431423275102,192.56484552828593,14331,0.318081990991413,0.3110361040469375,20,0.45145486704593235,0.47328990236060353,Insecticide.PRM,1300040,Water Level
Sampling.Year2023-2024,0.4144650214814176,0.9224932700629983,0.4492878538323789,0.6542439616381901,-1.416837242019563,2.2457672849823984,0.3596808136226654,95.31648152519023,14331,0.4551073337238344,0.44379270391909725,20,0.7978908350287905,0.4733289790077252,Insecticide.PRM,1300040,Water Level
(Intercept),4.372869008043937,1.9652578431507384,2.2250866588748837,0.03362985908673047,0.36165909247912786,8.384078923608746,2.8920167299716932,30.430939564647524,14331,0.7990211564887342,0.7862325573380222,20,3.6779808353756738,0.8256208235952143,PSII.PRM,1300040,Water Level
WaterLevel_m,-0.6951556355366427,0.25035967186405406,-2.776627842498987,0.012155046523714411,-1.2197967012292987,-0.1705145698439866,0.05839518746391488,18.667594408831146,14331,0.9802325648386876,0.9782224120207674,20,44.918767539987094,0.001365018458766205,PSII.PRM,1300040,Water Level
Rel.Month2,2.0941788113312065,0.769735851040873,2.7206460612421255,0.016494212823893743,0.44428479555699574,3.744072827105417,0.5621751875010355,14.093339125368633,14331,0.9967074204991725,0.9962711247963489,20,267.1773847032699,0.00220933350152994,PSII.PRM,1300040,Water Level
Rel.Month3,-0.4350236683288354,0.23266977174188624,-1.8697042811879825,0.07595323912025095,-0.9197678249996595,0.04972048834198878,0.049037439697853714,20.391375382642227,14331,0.9553030123776796,0.9511240396073181,20,19.45995601857737,0.0026459109996750424,PSII.PRM,1300040,Water Level
Rel.Month4,-0.3692148023241185,0.2064978649877098,-1.7879836304655894,0.08838116756723388,-0.7989446542268088,0.060515049578571734,0.03833864084546644,20.766633474922898,14331,0.9487580494341785,0.9440497466435925,20,16.873020049255576,0.00238579535674266,PSII.PRM,1300040,Water Level
Rel.Month5,-0.5685892805351506,0.2637202409218137,-2.1560320078113486,0.043391725519739355,-1.1185751726729793,-0.018603388397321785,0.06338708766359064,20.07109460813599,14331,0.9607099624958141,0.9569806794913122,20,22.245369479930535,0.0029919234250892737,PSII.PRM,1300040,Water Level
Rel.Month6,-0.3303952818802566,0.7778726258921965,-0.42474213757207757,0.6769524333449961,-1.9859286634916753,1.3251380997311624,0.5732802196382929,15.260631836953818,14331,0.9953766757667252,0.9948080232961897,20,191.60487036972182,0.003141591492213599,PSII.PRM,1300040,Water Level
Sampling.Year2022-2023,1.1169697404950336,1.2957040545158405,0.862056220787552,0.38875250152006613,-1.423990756695279,3.6579302376853464,0.13723378528042232,2154.866482170356,14331,0.08667721035279105,0.08582991967203632,20,0.09388834913656806,1.5347535223443447,PSII.PRM,1300040,Water Level
Sampling.Year2023-2024,-0.22044447291626204,1.2843150576200082,-0.17164361003815717,0.8637291624582036,-2.738659906461823,2.2977709606292986,0.1092289706103084,3035.263628006817,14331,0.07014438299458932,0.06953188307302235,20,0.07472785129130777,1.5347747480886613,PSII.PRM,1300040,Water Level
(Intercept),-3.588991319145918,8.010050753572457,-0.44806099606113475,0.6583557572009293,-20.171030638886858,12.99304800059502,55.42195393587858,22.703391133165997,14331,0.9142235134046578,0.9069860269105567,20,9.751072841909341,5.967861442134179,Total.PRM,1300040,Water Level
WaterLevel_m,1.1104319279329835,1.186709802049541,0.9357232290617137,0.3646485357124154,-1.4252191298204915,3.6460829856864585,1.335500145604818,14.587818341360146,14331,0.9962208213876393,0.9957359326713867,20,233.51787294484416,0.00600500139540184,Total.PRM,1300040,Water Level
Rel.Month2,2.3119764416267534,1.1040183706480442,2.0941467126762157,0.05200126539939316,-0.022509510276706557,4.646462393530213,1.1515592791008329,16.515982222033845,14331,0.9928430604613347,0.992025870828696,20,124.40554316559447,0.009719319672487656,Total.PRM,1300040,Water Level
Rel.Month3,1.906539526446585,1.1758111089183731,1.621467523129976,0.12369236054957122,-0.5781130354816817,4.391192088374852,1.3056112843373862,16.65605985775327,14331,0.992437384358659,0.9915807248658539,20,117.77507078302871,0.011639915301598783,Total.PRM,1300040,Water Level
Rel.Month4,2.077783209242385,1.865191152881234,1.1139786965173792,0.2850819620054257,-1.9438714353136732,6.0994378537984435,3.30327849956612,13.254335126422662,14331,0.9973543107103016,0.9969830988275676,20,330.46594563248175,0.010495612242000135,Total.PRM,1300040,Water Level
Rel.Month5,1.650377287968562,2.2143527045409694,0.7453091301056675,0.4695880354796279,-3.1424655657905194,6.443220141727643,4.657329337003839,12.763541593356614,14331,0.9976562684237175,0.9973156974216414,20,371.53624388778246,0.013162096253874626,Total.PRM,1300040,Water Level
Rel.Month6,1.224824828649538,2.664395194716282,0.45970088486815613,0.6544278478960801,-4.6187986594722394,7.068448316771316,6.747791653595897,11.328338031711436,14331,0.9983249193101636,0.9980531745404261,20,512.6567302848357,0.013820517351521192,Total.PRM,1300040,Water Level
Sampling.Year2022-2023,3.1178416197431917,3.5658343914903967,0.8743652333332398,0.3820497687984832,-3.876322468664306,10.11200570815069,1.2303882118111484,1610.2737262184962,14331,0.10271736175621514,0.10160360606884399,20,0.11309440549316124,11.423267285133983,Total.PRM,1300040,Water Level
Sampling.Year2023-2024,-0.047283438780661186,3.4287375262859103,-0.01379033490261931,0.9889975670996773,-6.768413052135121,6.673846174573799,0.3170289174036677,8770.421285475242,14331,0.028536710505657276,0.02831520403415693,20,0.02914031808639339,11.423360660887372,Total.PRM,1300040,Water Level
(Intercept),15.728168504563355,4.604072666693363,3.4161425423068525,0.002479492485309809,6.1787399717953875,25.277597037331322,18.742744659472102,21.953757176433193,75461,0.9341445470995775,0.9284064492017713,20,12.967738558159914,1.5176032277472309,OtherHerb.PRM,1350051,Water Level
WaterLevel_m,-1.2659273637652309,2.108957961685439,-0.6002620188567086,0.5557123746923963,-5.692314852823163,3.160460125292701,4.214951027008505,18.25129409983658,75461,0.9955181000016933,0.9950524793556147,20,201.12144059163055,0.0220051057974726,OtherHerb.PRM,1350051,Water Level
Rel.Month2,-10.222676647595309,2.919164279197952,-3.5019189294834807,0.002977269905260072,-16.41442452641071,-4.030928768779909,8.105415697606393,15.8927415030413,75461,0.9988632600135516,0.9987286767682869,20,785.5820234029179,0.01083360645858575,OtherHerb.PRM,1350051,Water Level
Rel.Month3,-10.659644638786071,2.9491521098518625,-3.6144777352028514,0.0023502406310780474,-16.915209413630432,-4.40407986394171,8.272826551078838,15.886206577517928,75461,0.9988660866080986,0.9987317860608803,20,787.5104942893907,0.011030288410913183,OtherHerb.PRM,1350051,Water Level
Rel.Month4,-9.931798487209385,2.628001692419629,-3.7792207348485656,0.001533690191427623,-15.483184633101036,-4.380412341317734,6.565619367417486,16.73144069936516,75461,0.9983745059830604,0.9981911600221202,20,551.8405012211967,0.012492559572072886,OtherHerb.PRM,1350051,Water Level
Rel.Month5,-10.139562651730378,2.7306313860943807,-3.7132667204243135,0.0018491549843623121,-15.921597995278246,-4.35752730818251,7.090984291971232,16.229463667871755,75461,0.998700503109302,0.9985496572192907,20,688.4921761260631,0.010814260153925866,OtherHerb.PRM,1350051,Water Level
Rel.Month6,-5.22984950956296,5.2290762865579294,-1.0001478699033362,0.3376756776166234,-16.668729737005684,6.209030717879766,26.030953324394847,11.582615242193565,75461,0.9996611545450781,0.9996072952402517,20,2545.44227037324,0.010737820027875473,OtherHerb.PRM,1350051,Water Level
Sampling.Year2022-2023,-0.8522269060516477,2.21416750309804,-0.3848972152554948,0.7010135772945287,-5.237350445847224,3.5328966337439285,1.8807657255460253,116.79397254601757,75461,0.4127828495165007,0.40281260846271333,20,0.6745162643601509,2.927733719952082,OtherHerb.PRM,1350051,Water Level
Sampling.Year2023-2024,-0.5915008719614776,2.3366384095068744,-0.25314180814408005,0.800748237116626,-5.234988591269724,4.051986847346768,2.411865897215111,88.12269546009156,75461,0.47559871413840077,0.46383063905596744,20,0.865082328164559,2.92741986470695,OtherHerb.PRM,1350051,Water Level
(Intercept),-0.11497812880272466,0.2947625917972968,-0.3900702870796887,0.6999741254101463,-0.7238013096105609,0.4938450520051116,0.07404190363382943,23.659909294219297,75461,0.9026846942071709,0.8947921018515582,20,8.504989811592493,0.009140986707538917,Fungicide.PRM,1350051,Water Level
WaterLevel_m,0.20158406181483268,0.16704174793396295,1.2067885083106615,0.24668781593224098,-0.15528161974146332,0.5584497433711286,0.02655207355681138,14.61226285169559,75461,0.9992607937360207,0.9991660981405133,20,1198.181880485952,2.326831818166426e-5,Fungicide.PRM,1350051,Water Level
Rel.Month2,-0.00221807909139664,0.12249488955403097,-0.018107523501364298,0.9858032305821456,-0.26442032463416026,0.25998416645136696,0.014279564240614526,14.304172513094628,75461,0.9993247918685001,0.9992365534314435,20,1308.849361024482,1.1455514208991387e-5,Fungicide.PRM,1350051,Water Level
Rel.Month3,-0.057030134778534906,0.07688030219082553,-0.7418042483363256,0.4683851341348141,-0.21929984377039982,0.10523957421333,0.005618016550648442,16.90909894914591,75461,0.9982249100360097,0.99802667672801,20,505.75934054716384,1.1663486771789575e-5,Fungicide.PRM,1350051,Water Level
Rel.Month4,-0.07333446583366723,0.05102196753730488,-1.4373116007344973,0.16752876792511814,-0.18041087535575367,0.03374194368841921,0.002466696639192169,18.278054866077362,75461,0.9954026258936329,0.994925671746723,20,196.07041998203277,1.3209700226016342e-5,Fungicide.PRM,1350051,Water Level
Rel.Month5,-0.022332051939274327,0.09994097140469205,-0.22345242021757933,0.8260825105719665,-0.23463539519105678,0.18997129131250814,0.009501678769516119,15.603890161106634,75461,0.9989782202339788,0.9988551430808409,20,872.4715956772152,1.1435057321548595e-5,Fungicide.PRM,1350051,Water Level
Rel.Month6,-0.03384646324901326,0.09833922079163429,-0.3441807142312905,0.7352842553114458,-0.24266796861582574,0.17497504211779924,0.00919928392075047,15.675154111583062,75461,0.9989516415740857,0.9988259025951354,20,850.7180907280227,1.1354229117805473e-5,Fungicide.PRM,1350051,Water Level
Sampling.Year2022-2023,-0.10066684039014011,0.19330132183597237,-0.5207767822486071,0.6041237522017123,-0.4860205623573358,0.2846868815770556,0.01828292365923014,71.84090902972346,75461,0.5267597302083682,0.5137659255978705,20,1.0566226281644164,0.018168331181342517,Fungicide.PRM,1350051,Water Level
Sampling.Year2023-2024,-0.12329028975202219,0.18756082298786583,-0.6573349795975165,0.5128271101890591,-0.496471380403132,0.24989080089908763,0.016201012391219058,81.08763085880821,75461,0.49583992505185714,0.48355646481129294,20,0.9363201044516951,0.018167999309105527,Fungicide.PRM,1350051,Water Level
(Intercept),25.650556343421595,25196.712360537727,0.0010180120317440566,0.9991877467488806,-49359.79045359994,49411.09156628678,129.25066003881108,75448.45802377728,75461,2.6720866915913643e-5,2.1376387435300966e-7,20,2.1376392004801344e-7,634874178.0664817,Insecticide.PRM,1350051,Water Level
WaterLevel_m,-1.2375158508024622,5.52887690894273,-0.223827708806617,0.825743193475169,-12.964618133952783,10.48958643234786,29.07582033898698,15.89315999305279,75461,0.9988630786140987,0.9987284772267481,20,785.4585841765535,0.03886851830379125,Insecticide.PRM,1350051,Water Level
Rel.Month2,1.8553285712154324,3.707012997701105,0.5004915203604654,0.623489439562903,-5.998100656174001,9.708757798604866,13.069342402837881,16.12854552563677,75461,0.998753081984673,0.9986074866667914,20,717.1259785109937,0.019135842145159995,Insecticide.PRM,1350051,Water Level
Rel.Month3,-0.2008239819923253,4.438112544268145,-0.045249862410923075,0.9644984907365077,-9.6512795236535,9.249631559668849,18.740342577208658,15.168747386585702,75461,0.9991197294763392,0.9990108440441392,20,1009.9629265991244,0.019483249521177175,Insecticide.PRM,1350051,Water Level
Rel.Month4,1.5878211923723422,4.532631793924329,0.3503088855575482,0.7308466688602446,-8.050465234037107,11.226107618781791,19.5454141527797,15.418506517103308,75461,0.9990425760008073,0.9989259485842764,20,930.0541240023088,0.02206611887499973,Insecticide.PRM,1350051,Water Level
Rel.Month5,0.3201258557965868,3.746828461105099,0.08543915450620018,0.9329677009879197,-7.6199886574295785,8.260240369022751,13.352020806639205,16.06989936086754,75461,0.998782058928768,0.9986393584891832,20,733.9474435773548,0.01910166997603768,Insecticide.PRM,1350051,Water Level
Rel.Month6,2.658739088149577,7.2044613486793425,0.36904064849163964,0.7189467832104823,-13.15465981813205,18.472137994431204,49.414568260913626,11.253750942754474,75461,0.999685856920639,0.999634583954373,20,2735.606703419329,0.018966650655266377,Insecticide.PRM,1350051,Water Level
Sampling.Year2022-2023,-11.479337749280438,73813.85889517855,-1.5551737737464714e-4,0.9998759154973136,-144686.30524453387,144663.34656903532,115.60847580999949,75448.45802377728,75461,2.652938749998044e-5,2.2279382719569057e-8,20,2.2279383215939963e-8,5448485643.608429,Insecticide.PRM,1350051,Water Level
Sampling.Year2023-2024,-13.618921930763719,73813.85983764839,-1.8450358727640275e-4,0.9998527879249257,-144688.4466759519,144661.2088320904,248.10828864096578,75448.45802377728,75461,2.6554921403348155e-5,4.781396293517924e-8,20,4.7813965221354405e-8,5448485643.618299,Insecticide.PRM,1350051,Water Level
(Intercept),3.6669075571184253,4.519823909177388,0.8112943403996032,0.421968705373031,-5.466246009911036,12.800061124147888,13.3564170362355,40.24775148740062,75461,0.7009913777979093,0.6864931997678452,20,2.1897234741303544,6.404570281924289,PSII.PRM,1350051,Water Level
WaterLevel_m,-0.32007418244503827,2.1404145683690436,-0.14953840586542488,0.8827240808016061,-4.803769401201137,4.16362103631106,4.325872265363735,18.76770018110176,75461,0.9922280563115072,0.991441728755212,20,115.84602782471873,0.03920864585451702,PSII.PRM,1350051,Water Level
Rel.Month2,-0.9968175582481595,2.8325051826760865,-0.35192082413292847,0.7291539481526279,-6.9656391353915925,4.972004018895273,7.622649824123906,17.275129169592464,75461,0.9978313631306853,0.9975940310878646,20,414.6329680554741,0.019303294556788034,PSII.PRM,1350051,Water Level
Rel.Month3,2.2672005748572412,2.9624595875224413,0.7653102119625342,0.4544915150847991,-3.978919201992205,8.513320351706687,8.339536253053222,17.148613505435687,75461,0.997982847805228,0.9977605551001496,20,445.53922946119684,0.01965374199774817,PSII.PRM,1350051,Water Level
Rel.Month4,-1.4694789097657788,2.8257001631586824,-0.5200406359191116,0.6095459126032172,-7.4178468347181274,4.47888901518657,7.58316399881417,17.51551744321811,75461,0.9974839976844648,0.9972122253914948,20,357.70905666086423,0.02225921332012506,PSII.PRM,1350051,Water Level
Rel.Month5,0.3686285803102535,1.9179015316562593,0.1922041221750908,0.8496978012652264,-3.6558301833701092,4.393087343990616,3.4848356778789205,18.311192154810932,75461,0.9952531673183855,0.9947615526481403,20,189.89625853450536,0.019268823356559123,PSII.PRM,1350051,Water Level
Rel.Month6,11.357275944788556,2.5315706413712467,4.486256776400595,2.996956786405335e-4,6.030387468641754,16.68416442093536,6.085445037841356,17.61900395476441,75461,0.997304227961687,0.9970146558616045,20,333.969756799117,0.01913262251940029,PSII.PRM,1350051,Water Level
Sampling.Year2022-2023,2.5864626273381672,4.140220012018716,0.6247162275989876,0.5326820289414225,-5.5645587375607795,10.737483992237113,4.308357945874566,271.46720270770567,75461,0.2692728026115579,0.2639090216491032,20,0.3585277219948441,12.617645904751962,PSII.PRM,1350051,Water Level
Sampling.Year2023-2024,4.056398301214178,4.04958351703012,1.0016828358164238,0.317178992168761,-3.907788467595635,12.02058507002399,3.6019428411320553,355.04119255745564,75461,0.2349221681758079,0.23062447539296665,20,0.2997554094416514,12.617086678213383,PSII.PRM,1350051,Water Level
(Intercept),45.08666642526266,16.55119594221522,2.7240730266666304,0.00768371758949063,12.225538669372852,77.94779418115247,116.93559268133586,94.36559971693399,75461,0.45954006505482137,0.4482055809945442,20,0.8122691450964327,151.15971480219886,Total.PRM,1350051,Water Level
WaterLevel_m,-4.07759660225473,5.23776730870398,-0.7784989981282082,0.44697375955477536,-15.128133183631352,6.972939979121892,26.073686418742135,17.003766805882787,75461,0.99813542458864,0.9979282928887614,20,481.6937140753006,0.05683564044890045,Total.PRM,1350051,Water Level
Rel.Month2,-10.396691710494471,6.726233407747347,-1.5456929726107114,0.14526820912551577,-24.871780483148974,4.0783970621600325,43.06117561589348,13.51469147712608,75461,0.9994564195493684,0.9993815188253001,20,1615.8640872297065,0.02798145880833642,Total.PRM,1350051,Water Level
Rel.Month3,-7.527049158444591,7.840338119921665,-0.9600413965972932,0.35549961345529035,-24.560776525785318,9.506678208896137,58.51658321725343,12.318795263987264,75461,0.999597046518968,0.9995365375205119,20,2156.671967544163,0.02848945658067859,Total.PRM,1350051,Water Level
Rel.Month4,-11.57575935936429,4.781928370288624,-2.420730396399812,0.027616190567668567,-21.704760749689008,-1.4467579690395684,21.747212067942325,16.16164265474565,75461,0.9987362280509008,0.9985889493813089,20,707.6917979793539,0.03226626723177822,Total.PRM,1350051,Water Level
Rel.Month5,-11.50066713398515,5.804414330721716,-1.9813656432336673,0.06671588992398259,-23.90265791145393,0.9013236434836269,32.06028022120483,14.592296109604204,75461,0.9992652072775772,0.9991709565376915,20,1205.2093791988414,0.027931490422554318,Total.PRM,1350051,Water Level
Rel.Month6,2.919744442875367,8.21786231423152,0.3552924509113539,0.7286484731840702,-15.0218385364721,20.861327422222832,64.29097805501468,11.784401776793851,75461,0.9996448822738777,0.9995893274294162,20,2434.029928048251,0.027734057901208854,Total.PRM,1350051,Water Level
Sampling.Year2022-2023,-9.1491236611638609,17.670267596738906,-0.5177693892339443,0.6046271759294136,-43.78513905726435,25.486891734936627,9.710961600101154,14321.052495744614,75461,0.03279123827480793,0.03265617261127785,20,0.03375859925568651,302.0418472602547,Total.PRM,1350051,Water Level
Sampling.Year2023-2024,-13.657377524464865,17.877183012975273,-0.7639557929541992,0.4449247291669376,-48.70334140129197,21.388586352362246,16.71679605394272,5787.705540591571,75461,0.05524813733677214,0.05492172520333802,20,0.0581134141668368,302.04103662277174,Total.PRM,1350051,Water Level
(Intercept),5.91908792324355,2.4672799606533533,2.399033760917887,0.020312459351440805,0.9601227158593622,10.878053130627737,3.614536117503452,48.69698889848066,34283,0.6380222381019904,0.6234548459955009,20,1.6557239931656422,2.2922074808629884,OtherHerb.PRM,1350052,Water Level
WaterLevel_m,-0.14928837921625485,2.5581773044286824,-0.058357322988445245,0.9540893416308884,-5.513181818172163,5.214605059739653,6.1619916596001705,18.512121712567634,34283,0.9897187461274282,0.9886649136407284,20,87.22164810257888,0.07417987831382056,OtherHerb.PRM,1350052,Water Level
Rel.Month2,-4.170618903757611,1.9994585188302254,-2.0858741826750244,0.05160042426519866,-8.373476501195594,0.032238693680372243,3.7801860285989073,17.872378859199408,34283,0.9935227846981257,0.9928363619264976,20,138.59387531021576,0.028639038493905818,OtherHerb.PRM,1350052,Water Level
Rel.Month3,-2.011558499780853,2.772169902238686,-0.7256259791856208,0.47815458698147306,-7.870178846303697,3.8470618467419904,7.291882422465082,16.632743133251267,34283,0.9966751452651472,0.9962980224647153,20,269.12589635369426,0.02844942328970802,OtherHerb.PRM,1350052,Water Level
Rel.Month4,-1.6846979928842454,2.255516896717477,-0.7469232420009969,0.465040764141054,-6.433555277570374,3.0641592918018836,4.8178107858420764,17.47664390567621,34283,0.9949175306237176,0.994367379914289,20,176.53727124910054,0.0286551462438556,OtherHerb.PRM,1350052,Water Level
Rel.Month5,-2.595249091139765,1.6756645517779196,-1.5487879649815022,0.13849041629074793,-6.110641092756083,0.9201429104765526,2.6470021101121546,18.367979700078738,34283,0.9908000907006419,0.9898500784183262,20,97.52292867026159,0.028499474467334075,OtherHerb.PRM,1350052,Water Level
Rel.Month6,3.137777476054946,2.873822237800568,1.091848143835226,0.29065874451367774,-2.9417138141905386,9.21726876630043,7.838936384151151,16.423398090992738,34283,0.9969619379967795,0.9966132044159527,20,294.26435097243365,0.027971051118352318,OtherHerb.PRM,1350052,Water Level
Sampling.Year2023-2024,1.8036523377349365,2.457328785905294,0.7339890160731831,0.4635226635665314,-3.0319266657111843,6.639231341181057,1.4311615613018414,303.1844601483314,34283,0.25376436443872236,0.24885789659879798,20,0.3313060144970696,4.535745122671853,OtherHerb.PRM,1350052,Water Level
(Intercept),6.539760758550812,1.2635519787485332,5.175695870484112,4.1456542740227175e-5,3.9096562889832627,9.169865228118361,1.4479017854112277,20.689374453867842,34283,0.9562636711917292,0.9522306983735138,20,19.933946403887578,0.0762667283175446,Fungicide.PRM,1350052,Water Level
WaterLevel_m,2.1259046058448154,1.9879537039685797,1.0693934177646303,0.2997622067591902,-2.066572882279112,6.318382093968743,3.746492072880715,17.093028946631126,34283,0.9958660189383628,0.9954090494531727,20,216.81981526484807,0.01814325259764448,Fungicide.PRM,1350052,Water Level
Rel.Month2,-6.605885565721017,1.3098623173168276,-5.0431907830227285,1.027943261887594e-4,-9.371331097189143,-3.840440034252891,1.6273663083941017,16.849812049179395,34283,0.9963287545983412,0.9959174062444712,20,243.9423234055025,0.007004666512802689,Fungicide.PRM,1350052,Water Level
Rel.Month3,-6.63738858554698,0.8869988468964278,-7.482973183979808,5.880676112998939e-7,-8.499576431215587,-4.775200739878373,0.7426749188888662,18.180815999140055,34283,0.9919909541713156,0.9911558441500272,20,112.0690160783497,0.006958289562283027,Fungicide.PRM,1350052,Water Level
Rel.Month4,-6.733546897994038,1.1706622917786793,-5.751912353615858,2.192517474799608e-5,-9.200154317463078,-4.266939478524998,1.2985158049265126,17.301453610788585,34283,0.99538972479383,0.9948859095992324,20,194.53819382033265,0.007008606219671474,Fungicide.PRM,1350052,Water Level
Rel.Month5,-4.62198587363671,1.8178051953324943,-2.542618915109495,0.022442387790944422,-8.494378551966076,-0.7495931953073445,3.140423997019496,15.09701209645041,34283,0.998123668389282,0.9978905404523114,20,473.05507306157506,0.006970531307337359,Fungicide.PRM,1350052,Water Level
Rel.Month6,-4.972339819637789,2.4596883026065504,-2.021532490262511,0.06469692774408041,-10.295926151679538,0.35124651240396076,5.755452627487921,12.769827104507163,34283,0.9990126316060112,0.9988692211787785,20,883.3462410445436,0.006841287117174229,Fungicide.PRM,1350052,Water Level
Sampling.Year2023-2024,-0.4249973437238796,0.7532706041252276,-0.5642027465248409,0.576379780740764,-1.9567516567515486,1.1067569693037893,0.4064638451206447,33.451988188813885,34283,0.7657564373001576,0.7521581763570696,20,3.034831511894923,0.14062956566250848,Fungicide.PRM,1350052,Water Level
(Intercept),26.07058598110847,4.671215812101202,5.581113575093294,1.1262400304502921e-5,16.406154608510096,35.73501735370684,18.842610587174658,22.944855403356758,34283,0.9139054560388677,0.9067143878523325,20,9.719766714046305,2.035516046690906,Insecticide.PRM,1350052,Water Level
WaterLevel_m,8.022950590409845,5.75836321768829,1.3932692827998927,0.18273680283874758,-4.191813927459853,20.237715108279545,31.493130979634522,15.878755006924584,34283,0.9975474570460283,0.9972568499540995,20,363.5444045229792,0.090959418209189,Insecticide.PRM,1350052,Water Level
Rel.Month2,-22.469995016269777,4.014173776236653,-5.59766374572247,4.842952021157168e-5,-31.016186310759885,-13.923803721779668,15.312832282830952,15.200470254334293,34283,0.9980601298359862,0.9978206466440098,20,457.85170353463417,0.03511720885353492,Insecticide.PRM,1350052,Water Level
Rel.Month3,-27.239009522334698,3.790703892104518,-7.185739191887177,2.576267941872302e-6,-35.29475996213201,-19.183259082537383,13.651953614340602,15.529855193195381,34283,0.9978343297749794,0.997572298414183,20,410.9122407145007,0.03488470255870813,Insecticide.PRM,1350052,Water Level
Rel.Month4,-28.04917120187595,4.7412335023847385,-5.916007129319368,3.697917838858627e-5,-38.21411225346308,-17.884230150288822,21.375388727569295,14.058871122889444,34283,0.9986201762184952,0.9984369189516995,20,638.7620910875356,0.035136960187689074,Insecticide.PRM,1350052,Water Level
Rel.Month5,-19.74577794321955,2.77384060858991,-7.118569784461183,1.6808486778966516e-6,-25.5962035881001,-13.895352298339002,7.294519663347651,17.07149562042012,34283,0.9959106925187174,0.9954581226188955,20,219.1732711147802,0.0349460753474082,Insecticide.PRM,1350052,Water Level
Rel.Month6,-14.724229138227187,7.622755384175639,-1.9316150651762698,0.08279369861608045,-31.754693393307765,2.30623511685339,55.30676335686485,9.804962813950894,34283,0.9995019289121576,0.9994097358900402,20,1693.1568750778506,0.03429812227058876,Insecticide.PRM,1350052,Water Level
Sampling.Year2023-2024,0.5708914724506363,2.77149609795625,0.20598674949303436,0.8373065796267316,-4.941648525676131,6.083431470577404,3.495083350464468,82.85189866197068,34283,0.489935208369137,0.47776935882321153,20,0.9148627467484705,4.011353102999029,Insecticide.PRM,1350052,Water Level
(Intercept),-2.746236916456072,2.7380906938676675,-1.0029751471003678,0.3194094203693394,-8.209475209709911,2.7170013767977674,3.7560542592789377,68.37088553598181,34283,0.5393295284125234,0.5260481505541268,20,1.1099189741936077,3.5532836756018384,PSII.PRM,1350052,Water Level
WaterLevel_m,8.12836698350959,4.1327604536222315,1.9668129993804353,0.06612395811621186,-0.6059454816391163,16.862679448658298,16.206339082129105,16.62637019447057,34283,0.9966845100744758,0.9963083135134204,20,269.878906872325,0.06305293078827329,PSII.PRM,1350052,Water Level
Rel.Month2,1.942575326387067,3.0984542466903764,0.6269498181107677,0.539727361043378,-4.6375691635628975,8.522719816337032,9.12007192657306,15.65697968056025,34283,0.9977361776827012,0.997464361019571,20,393.37790936263616,0.024343195931914897,PSII.PRM,1350052,Water Level
Rel.Month3,2.1313439297468686,3.3244992748225726,0.6411022393321526,0.5309966502498678,-4.946032790902025,9.208720650395763,10.50296514797613,15.212860164321494,34283,0.9980523019603277,0.9978120361441876,20,456.0459412953694,0.024182022920871273,PSII.PRM,1350052,Water Level
Rel.Month4,1.2027357313519116,2.557500059968333,0.4702778897947724,0.6442591448173564,-4.201867580500192,6.607339043204014,6.206142542105928,16.64618370566656,34283,0.9966552544777989,0.9962761645195405,20,267.54032763998606,0.024356887526803227,PSII.PRM,1350052,Water Level
Rel.Month5,5.739027348706057,2.8274617569969016,2.0297453482807075,0.05919786728684825,-0.25056153273062254,11.728616230142737,7.590776591271489,16.144670386413885,34283,0.9972864128095241,0.9969698611197784,20,329.0178769122493,0.024224566444943616,PSII.PRM,1350052,Water Level
Rel.Month6,7.279851028509974,4.086552217338854,1.781416372858826,0.09700952476693796,-1.5027258534100838,16.06242791043003,15.882032017792927,13.704001735900821,34283,0.9987467755421778,0.9985763152171137,20,701.4026751010597,0.02377540635453071,PSII.PRM,1350052,Water Level
Sampling.Year2023-2024,0.19459978602881178,3.8560982900104857,0.050465463116678655,0.9598979498903538,-7.4987411419857635,7.8879407140433875,7.4326629109996185,68.68207304158814,34283,0.5381099036203189,0.5248528325769815,20,1.104611094334296,7.065197965672191,PSII.PRM,1350052,Water Level
(Intercept),27.415049290053783,7.908017583754463,3.466741063698803,0.0015167611737270563,11.31021579546211,43.51988278464546,45.68187894354422,32.16659301447918,34283,0.7802556117100747,0.7670046643972774,20,3.2919314131896944,14.57076921424834,Total.PRM,1350052,Water Level
WaterLevel_m,15.564161202519694,6.278236562158364,2.479065745360982,0.023758628058345554,2.33471992306934,28.793602481970048,37.3492328305448,17.282599193198177,34283,0.9954363517276814,0.9949371176500654,20,196.51594662533006,0.19955985835002552,Total.PRM,1350052,Water Level
Rel.Month2,-23.706139531687082,8.759994684756112,-2.706181953847508,0.01878415457822255,-42.748087979096724,-4.664191084277437,73.00996351592765,12.257886548746944,34283,0.9991275958249561,0.9989959905088545,20,995.0065206743719,0.0770451852313158,Total.PRM,1350052,Water Level
Rel.Month3,-24.96437633506875,8.896995822503094,-2.805933242311587,0.0157678424067351,-44.332929439678644,-5.595823230458855,75.31428532015937,12.091946198989453,34283,0.9991612496241629,0.9990331173567232,20,1033.2516818907025,0.0765350794701464,Total.PRM,1350052,Water Level
Rel.Month4,-30.630315188935707,4.853156180964148,-6.311421690709027,9.389192196788762e-6,-40.90118529031175,-20.359445087559664,22.358129903124407,16.33980534237415,34283,0.9970655056107189,0.9967270364836047,20,304.53350044714256,0.0770885185498839,Total.PRM,1350052,Water Level
Rel.Month5,-11.956103656721444,4.673075567982129,-2.5585085203071487,0.020676290624201947,-21.837793309568397,-2.074414003874491,20.724729082045297,16.509478242626315,34283,0.9968490184221539,0.9964891011779982,20,283.82734783846377,0.07666972792393671,Total.PRM,1350052,Water Level
Rel.Month6,-2.6004034072528297,8.32097681898301,-0.31251179564884923,0.7597630090104451,-20.634802287955328,15.433995473449666,65.86991149220201,12.601079839372796,34283,0.9990525289178742,0.998913205997442,20,919.1375768051756,0.0752481552404992,Total.PRM,1350052,Water Level
Sampling.Year2023-2024,2.5567939707171248,6.906091987859472,0.3702229821455936,0.7118526705647436,-11.113300919376671,16.22688886081092,17.79380997263824,123.08225393466256,34283,0.40138472561209265,0.3917360408823147,20,0.6440231005146938,29.01060607350664,Total.PRM,1350052,Water Level
(Intercept),8.070778577446374,4.5501956690420196,1.7737212121134045,0.09071007566311369,-1.3957520471104345,17.537309202003183,18.742071749518146,20.85955984146501,51682,0.9546385097079689,0.9504882440465362,20,19.197223482437266,1.0251052895746984,OtherHerb.PRM,1350053,Water Level
WaterLevel_m,-0.8891008722305485,0.9080396522471631,-0.9791432235698672,0.3418086339037998,-2.811068775701438,1.0328670312403407,0.7835652354100268,16.312228304504902,51682,0.9980511732169393,0.997826034459665,20,458.9888919333758,0.0017925128726207886,OtherHerb.PRM,1350053,Water Level
Rel.Month2,-2.491618043124621,2.354361909778164,-1.0582986552646827,0.32236964290742137,-7.970184758497793,2.986948672248551,5.277771614897937,7.6055975117597665,51682,0.9998009434014998,0.9997546812800774,20,4075.3297652768592,0.0013598065714484234,OtherHerb.PRM,1350053,Water Level
Rel.Month3,-2.436393504443727,2.2922076172572523,-1.0629026298058466,0.31851466943875895,-7.711801593403395,2.8390145845159416,5.002650815291226,8.091909635273375,51682,0.9997765365091515,0.9997273799513297,20,3667.1088015261143,0.0014324045563823397,OtherHerb.PRM,1350053,Water Level
Rel.Month4,-2.37425201956414,2.1818535581238563,-1.0881811983778253,0.30727801972310187,-7.379137361469182,2.630633322340902,4.53251637535405,8.250612344302027,51682,0.9997680790960197,0.999717937355052,20,3544.31171677997,0.001342754975977526,OtherHerb.PRM,1350053,Water Level
Rel.Month5,-2.5679650877804727,2.301560141989844,-1.1157497216476406,0.2975140548464122,-7.893004372499335,2.7570741969383894,5.043626955404469,7.850601559211603,51682,0.9997889218149019,0.9997412237723031,20,3863.342597849127,0.001370784021619795,OtherHerb.PRM,1350053,Water Level
Rel.Month6,-2.3195429443626776,2.6604471929333275,-0.87186205030637,0.41298685039791594,-8.647340870274196,4.008254981548841,6.739550210126068,6.804430662603873,51682,0.9998367548486917,0.9997949208806893,20,4875.166834348743,0.0014515457544495914,OtherHerb.PRM,1350053,Water Level
Sampling.Year2022-2023,0.9470625262210861,1.8646483746794171,0.5079040848030726,0.6125617285427788,-2.7492110399398113,4.6433360923819835,1.3899925552397872,107.44320281585016,51682,0.43027396248941835,0.41976659969088415,20,0.723444392320842,2.017421378192815,OtherHerb.PRM,1350053,Water Level
Sampling.Year2023-2024,0.6052748292199903,1.6051154189330494,0.3770911562374299,0.7063060061212385,-2.550249394941405,3.760799053381385,0.5323488808846211,399.665712048343,51682,0.2208460193791854,0.21695672235580143,20,0.2770686225779501,2.0174291831677666,OtherHerb.PRM,1350053,Water Level
(Intercept),-1.5555893697870657,1.7673593213040726,-0.8801771948894076,0.38734373106338293,-5.199926583324894,2.0887478437507623,2.618844489517128,24.41949606821166,51682,0.889065962203611,0.8803376980791999,20,7.356850770444496,0.3737722566074076,Fungicide.PRM,1350053,Water Level
WaterLevel_m,1.3309150271894628,0.3838758851529547,3.4670451535635327,0.002925614907585172,0.5213782738936475,2.140451780485278,0.13990325549486407,17.102770123673807,51682,0.9971750569887642,0.9968629563553322,20,317.771465516514,4.6227693235714154e-4,Fungicide.PRM,1350053,Water Level
Rel.Month2,-1.4847441047016972,0.8721319137765788,-1.7024306544090717,0.11784135059198726,-3.413719280458345,0.4442310710549504,0.7240603715432052,10.576225947380198,51682,0.9996068659548983,0.9995389450198909,20,2167.9387234538162,3.5068490723260125e-4,Fungicide.PRM,1350053,Water Level
Rel.Month3,-1.6198757098022416,0.7708314169991373,-2.101465604643427,0.057491818976939474,-3.3001702713959458,0.06041885179146256,0.5655349199970736,11.948884986722488,51682,0.9994614693917216,0.9993782914796727,20,1607.4707982988973,3.694074359704247e-4,Fungicide.PRM,1350053,Water Level
Rel.Month4,-1.6502087509271584,0.7515855844136213,-2.1956365118612977,0.04872037399082743,-3.2895142774965116,-0.010903224357805108,0.5376520031258514,11.886157392355337,51682,0.9994693347470321,0.999386972684113,20,1630.2486802534024,3.462874162206921e-4,Fungicide.PRM,1350053,Water Level
Rel.Month5,-1.545595567381242,0.8272270975965795,-1.868405389368658,0.08829183326778446,-3.364171483624702,0.27298034886221756,0.6513820524578664,11.107048067433503,51682,0.9995566348133077,0.9994833939730595,20,1934.711059978084,3.5351591730111234e-4,Fungicide.PRM,1350053,Water Level
Rel.Month6,-1.572874072718915,0.7939240087862496,-1.9811393222929783,0.07148069048470959,-3.30687777429414,0.16112962885631,0.5999437980056058,11.743966970838981,51682,0.9994866623876492,0.999406100720544,20,1682.7871918555186,3.7434382134278325e-4,Fungicide.PRM,1350053,Water Level
Sampling.Year2022-2023,-0.6357260296573657,0.9112703294977934,-0.6976261698410813,0.4855177711837374,-2.4232072711890282,1.1517552118742966,0.08697639336164675,1519.064023346798,51682,0.11114506978100444,0.10997557308011949,20,0.12356466828749119,0.7390884003932879,Fungicide.PRM,1350053,Water Level
Sampling.Year2023-2024,-0.6319908801331858,0.9176138890371189,-0.6887329057283055,0.49112052097514314,-2.4322426069901804,1.168260846723809,0.09802365329981674,1236.9340450717289,51682,0.12365213191347552,0.1222363087174413,20,0.13925878904700845,0.7390904133890184,Fungicide.PRM,1350053,Water Level
(Intercept),40.10043289401674,19.2831674277487,2.0795563303729736,0.04070726203482651,1.7369678478384927,78.46389794019498,170.6650220900424,81.55948700686488,51682,0.4941759255085721,0.48192235919342846,20,0.9302126191802941,192.64227285204385,Insecticide.PRM,1350053,Water Level
WaterLevel_m,5.639644663781783,3.378647057061421,1.6692020706912385,0.11246842270774868,-1.4613434527872933,12.74063278035086,10.815731036528787,17.90452777003204,51682,0.9953466947173925,0.9948543993964818,20,193.3407732260173,0.05873834783457364,Insecticide.PRM,1350053,Water Level
Rel.Month2,-1.101313102376531,4.490098829696148,-0.24527591577556848,0.8092945190505476,-10.603265732360112,8.40063952760705,19.158503222021675,16.352128620921217,51682,0.9980182503271529,0.997789834584492,20,451.4548221519153,0.04455911731595935,Insecticide.PRM,1350053,Water Level
Rel.Month3,-21.868401383327758,5.00395356906712,-4.370224679643591,4.800777723127724e-4,-32.479852503204455,-11.256950263451062,23.802488820198505,15.934528286128083,51682,0.9983234473033039,0.9981254432410271,20,532.4594405922234,0.046938060171138316,Insecticide.PRM,1350053,Water Level
Rel.Month4,-18.10908664719397,4.3408433440476895,-4.171789952297117,6.790454417866539e-4,-27.28944403055794,-8.928729263829997,17.903733884915326,16.481922598490474,51682,0.9979046075843805,0.9976648865349576,20,427.2447148587854,0.04400035840203333,Insecticide.PRM,1350053,Water Level
Rel.Month5,-12.970117597876433,4.237463252394471,-3.060821256809103,0.007209762142271684,-21.925226647893446,-4.015008547859422,17.05826283915682,16.637940357438037,51682,0.997753178763575,0.9974984073797409,20,398.7453429873048,0.04491883427886183,Insecticide.PRM,1350053,Water Level
Rel.Month6,-20.181813182319868,5.780446698267902,-3.49139335345265,0.00324286524460228,-32.493021566565716,-7.870604798074021,31.77714165603255,15.134390932253128,51682,0.9987334656484922,0.9985764675496082,20,701.4778393528724,0.047565292682110946,Insecticide.PRM,1350053,Water Level
Sampling.Year2022-2023,-20.5689096674304,19.905302053458303,-1.0333382338127748,0.3014627131209789,-59.58581114557224,18.447991810711432,11.43901336567499,14637.15502670195,51682,0.030446265284714665,0.030313795894556315,20,0.03126144908137725,384.2100858054526,Insecticide.PRM,1350053,Water Level
Sampling.Year2023-2024,-22.67298347130151,19.989741136741525,-1.134230969586101,0.25672434517929227,-61.85680818539571,16.51084124279269,14.647056070069693,10194.832226987093,51682,0.03867656820849347,0.0384879963665114,20,0.040028617657468527,384.2103418403631,Insecticide.PRM,1350053,Water Level
(Intercept),0.6711651949943733,1.0636742457809096,0.6309875393303606,0.5304879235018966,-1.4572856643140644,2.799616054302811,0.6109681686703936,58.94228140761418,51682,0.5809902788136538,0.567009839252569,20,1.3095213024559085,0.48988632403367344,PSII.PRM,1350053,Water Level
WaterLevel_m,-0.06273434368211028,0.25074330228276714,-0.2501934971382158,0.8051530704817529,-0.5879467113502681,0.46247802398604754,0.059216353570980484,18.78825702151237,51682,0.9899600531282327,0.988945315260127,20,89.45938654343745,6.950323901376081e-4,PSII.PRM,1350053,Water Level
Rel.Month2,0.12631415452861236,0.29854226877667067,0.4231030836812716,0.6772075474210384,-0.5006782748259021,0.7533065838831269,0.08438117355233811,18.089192458800788,51682,0.994645291357493,0.9940842714344069,20,168.04088632737052,5.272540163668715e-4,PSII.PRM,1350053,Water Level
Rel.Month3,0.027937214257535332,0.04747906546143991,0.5884112078874957,0.5602185926330449,-0.06861939857200183,0.12449382708707249,0.0016179603412985275,33.366323084448446,51682,0.767170606635941,0.7536207489574268,20,3.0587833422190425,5.554032987282422e-4,PSII.PRM,1350053,Water Level
Rel.Month4,1.787449912942846,1.0898144106874708,1.6401415648516675,0.13101149219744113,-0.6300764186502723,4.204976244535964,1.130642673661094,10.338424637031666,51682,0.9996273658808107,0.9995616364464107,20,2280.2115464716694,5.206423979306425e-4,PSII.PRM,1350053,Water Level
Rel.Month5,0.051173460281816366,0.06291051081245073,0.8134325984790531,0.42357160557716933,-0.0783255941771983,0.18067251474083101,0.00326306851111034,25.25991923542505,51682,0.875207685035844,0.8657032906128932,20,6.446198827683307,5.315104340176246e-4,PSII.PRM,1350053,Water Level
Rel.Month6,0.1665860543765772,0.4880150627133486,0.3413543292093566,0.7371428196609751,-0.8653706272763155,1.1985427360294698,0.22628178694420747,16.509558365740272,51682,0.9978790287041364,0.9976367643075639,20,422.1486530102039,5.628251436957086e-4,PSII.PRM,1350053,Water Level
Sampling.Year2022-2023,-0.6794837857496465,1.0871554887055275,-0.6250106749299548,0.5322153736924016,-2.814825308319639,1.455857736820346,0.20461729172500256,567.2720435625465,51682,0.18465049812460493,0.1817809235568894,20,0.2221665673539553,0.9670589003113015,PSII.PRM,1350053,Water Level
Sampling.Year2023-2024,-0.7219080793134852,1.1124222208522845,-0.6489515094011642,0.5167478034536269,-2.9089337782205242,1.465117619593554,0.2575440672701063,393.99699115769397,51682,0.22246213655535413,0.21852520599208186,20,0.2796318034409536,0.9670619268123168,PSII.PRM,1350053,Water Level
(Intercept),48.94198437220794,18.300950393626596,2.6742864889274958,0.009481395719793154,12.385944818883637,85.49802392553224,173.0289154240886,64.39437018840034,51682,0.5560294774018593,0.5424512283471143,20,1.1855593588144064,153.24442411468848,Total.PRM,1350053,Water Level
WaterLevel_m,3.605298253983346,3.6606678961950974,0.9848744426476647,0.3382616632152927,-4.1079008157123464,11.318497323679038,12.717828166858434,17.298360558734792,51682,0.9968537246367399,0.9965098385980796,20,285.5197006218058,0.04676987103208493,Total.PRM,1350053,Water Level
Rel.Month2,-0.6965635850321314,6.164211096009917,-0.11300125420477826,0.9116745421079384,-13.949289762765321,12.55616259270106,36.154303473775954,13.650706539134669,51682,0.9991784160970338,0.9990662598811173,20,1069.9618016591726,0.035479788707033895,Total.PRM,1350053,Water Level
Rel.Month3,-22.499201406128567,5.158167157250058,-4.361859691674558,5.504452418606511e-4,-33.4877224396141,-11.510680372643026,25.304108973318574,15.092278564253329,51682,0.9987505955885454,0.9985953156005107,20,710.9036848160275,0.03737400014864221,Total.PRM,1350053,Water Level
Rel.Month4,-18.974446724716103,5.660980496054202,-3.351795106508777,0.00464926677918376,-31.0967342179956,-6.852159231436605,30.487300280630798,14.241762380335436,51682,0.9990335689525252,0.998906755396014,20,913.7083794001287,0.03503488204374218,Total.PRM,1350053,Water Level
Rel.Month5,-14.68138615041077,6.584094264981947,-2.2298262387425014,0.0437835535828739,-28.88808180848833,-0.4746904923332078,41.25193436202553,13.158297679102192,51682,0.9992770699508059,0.9991749489097628,20,1211.0461530599869,0.0357662100413619,Total.PRM,1350053,Water Level
Rel.Month6,-22.743720078584815,4.290287356042635,-5.301211362113433,6.910676637739931e-5,-31.830678840696784,-13.656761316472844,17.493992542031794,16.176183958609816,51682,0.9981569956865618,0.9979423957127981,20,485.00209778912824,0.03787342828591191,Total.PRM,1350053,Water Level
Sampling.Year2022-2023,-16.362694214527313,18.07828837989402,-0.9051019582542601,0.3654641339663566,-51.805868352125,19.080479923070374,20.18208672368688,4132.842738287599,51682,0.06529188515094207,0.06483966276415808,20,0.06933534302343482,305.63331968673987,Total.PRM,1350053,Water Level
Sampling.Year2023-2024,-22.97264637353366,17.89878625101154,-1.283475094420739,0.1993648161215249,-58.059211210474786,12.113918463407469,14.031452591593476,7599.18542780151,51682,0.04623900968655134,0.04598802607585559,20,0.048204873033922936,305.63352403822665,Total.PRM,1350053,Water Level
(Intercept),3.3936827828798983,1.0231278222829223,3.316968524331121,0.001184341840651068,1.3692742473411794,5.418091318418617,0.38079353814232103,128.16361795193643,13063,0.39138498966036867,0.38196105093845856,20,0.6180210025896355,0.6469573256799581,OtherHerb.PRM,1360106,Water Level
WaterLevel_m,0.1401674555257533,0.13620784330477934,1.0290703686726315,0.31829792530485795,-0.14787283233972762,0.42820774339123424,0.017516833562204345,16.4984996070125,13063,0.9922652286233632,0.9913811789562093,20,115.025149486127,1.5990133742475922e-4,OtherHerb.PRM,1360106,Water Level
Rel.Month2,0.8369024808541634,0.5046447530141281,1.6583992518609092,0.11651541218508857,-0.2320256093321289,1.9058305710404557,0.24069003939847403,16.162029796540818,13063,0.9931710042506041,0.9923751781355868,20,130.15060492983267,0.0019417853762927005,OtherHerb.PRM,1360106,Water Level
Rel.Month3,2.045541160551609,0.7964486067329248,2.5683278786091788,0.023111913262969387,0.32791717741412385,3.7631651436890943,0.6021403581194117,13.227132420577284,13063,0.9971209391846654,0.9967162109892392,20,303.52626424020707,0.0020830071414348157,OtherHerb.PRM,1360106,Water Level
Rel.Month4,0.6444170031065679,0.42908192291845865,1.501850739186304,0.15146945832527683,-0.26081798418550306,1.549651990398639,0.17349372686593534,17.012023754716296,13063,0.9905018768773746,0.9894472343505859,20,93.76188832597907,0.0019428833661699813,OtherHerb.PRM,1360106,Water Level
Rel.Month5,1.8983433889459607,1.4219444405166255,1.3350334477599197,0.21868546862300597,-1.3819466325151823,5.1786334104071035,1.9236174713369727,7.982101520890232,13063,0.9991393494947935,0.9989477127150923,20,949.3108270359431,0.0021276470123176494,OtherHerb.PRM,1360106,Water Level
Rel.Month6,0.21607756603731199,0.3922534591857362,0.5508621045327659,0.5886415636745579,-0.6092579059643274,1.0414130380389515,0.1445092802489605,17.62997929601383,13063,0.987510122860978,0.9861692864659859,20,71.30284956308925,0.0021280319817674693,OtherHerb.PRM,1360106,Water Level
Sampling.Year2022-2023,-0.8948670412829375,1.2660543640293729,-0.7068156523981433,0.48002723428913163,-3.3826196428396647,1.5928855602737895,0.29815642874515896,475.5403796614854,13063,0.1986750220266236,0.19531192831128052,20,0.24271756371558811,1.289829402495403,OtherHerb.PRM,1360106,Water Level
Sampling.Year2023-2024,-1.3245981573758636,1.3079149881886205,-1.0127555455346133,0.3119815060196926,-3.898300513505288,1.249104198753561,0.4007523223349909,304.30546778436985,13063,0.2508909664005285,0.24598369081823496,20,0.3262312602829092,1.2898516778766989,OtherHerb.PRM,1360106,Water Level
(Intercept),1.1157678567175618e-5,7.143544908188374e-6,1.5619246061414123,0.1183299813769233,-2.8447099147264818e-6,2.516006704907772e-5,1.605692710405056e-20,13059.60459366411,13063,1.5310915221580174e-4,3.3038793251582746e-10,20,3.3038793262498366e-10,5.1030233838444275e-11,Fungicide.PRM,1360106,Water Level
WaterLevel_m,7.390669577507366e-7,1.681737431183997e-6,0.4394663186098021,0.6603309534328161,-2.5573833534948548e-6,4.035517268996328e-6,5.550226950155314e-24,13059.60459366411,13063,1.5310882393869142e-4,2.0605523842003114e-12,20,2.060552384204557e-12,2.8282407874395214e-12,Fungicide.PRM,1360106,Water Level
Rel.Month2,-9.630697278376464e-6,5.860474161366877e-6,-1.6433307294251824,0.10033859624433143,-2.1118080216439248e-5,1.8566856596863213e-6,4.437057531528643e-23,13059.60459366411,13063,1.5310882323474388e-4,1.3564970322835248e-12,20,1.3564970322853648e-12,3.4345157396002216e-11,Fungicide.PRM,1360106,Water Level
Rel.Month3,-9.143328365094417e-6,6.069843894041014e-6,-1.506353132750375,0.1320007314814153,-2.104110647403305e-5,2.7544497438442182e-6,4.5983617906044974e-23,13059.60459366411,13063,1.5310882318875498e-4,1.310501109640296e-12,20,1.3105011096420134e-12,3.6843004897978705e-11,Fungicide.PRM,1360106,Water Level
Rel.Month4,-9.622113144713439e-6,5.862130840834099e-6,-1.6414019758290395,0.1007380793269853,-2.11127434158284e-5,1.8685171264015195e-6,4.4898776663150707e-23,13059.60459366411,13063,1.5310882325011397e-4,1.3718694727776842e-12,20,1.3718694727795661e-12,3.436457799501116e-11,Fungicide.PRM,1360106,Water Level
Rel.Month5,-9.048702311500535e-6,6.134538994320203e-6,-1.4750419420071292,0.14022537427144935,-2.1073292239868826e-5,2.9758876168677553e-6,2.87060810444379e-23,13059.60459366411,13063,1.5310882267927073e-4,8.009388186785454e-13,20,8.009388186791868e-13,3.7632568672804986e-11,Fungicide.PRM,1360106,Water Level
Rel.Month6,-9.036239443563987e-6,6.135093950871174e-6,-1.472877109287113,0.14080827502451324,-2.106191716760195e-5,2.989438280473979e-6,5.496691067506789e-23,13059.60459366411,13063,1.531088234115941e-4,1.5333743436711083e-12,20,1.5333743436734596e-12,3.763937778595835e-11,Fungicide.PRM,1360106,Water Level
Sampling.Year2022-2023,-4.550531509874632e-6,5.459211401453342e-6,-0.8335510708860254,0.4045492521961678,-1.5251380994331058e-5,6.150317974581794e-6,3.907975394373131e-23,13059.60459366411,13063,1.531088232550768e-4,1.3768330910624396e-12,20,1.3768330910643355e-12,2.980298912571712e-11,Fungicide.PRM,1360106,Water Level
Sampling.Year2023-2024,-4.497789382429277e-6,5.49517816635608e-6,-0.8184974620052795,0.413088124974733,-1.526913896467722e-5,6.273560199818667e-6,3.8267196022572663e-23,13059.60459366411,13063,1.5310882320886568e-4,1.3306149067029863e-12,20,1.330614906704757e-12,3.019698307995639e-11,Fungicide.PRM,1360106,Water Level
(Intercept),0.4021340285780159,1.8302074493662184,0.21972046322796396,0.8263298473052552,-3.208502478509313,4.012770535665345,1.008996241664431,185.97606948936829,13063,0.32352071778947883,0.31628471925706786,20,0.46259711924734165,2.2902132539679463,Insecticide.PRM,1360106,Water Level
WaterLevel_m,0.7404548449699215,0.21568944160843592,3.432967508507664,0.0029323349689074525,0.2876329909676372,1.193276698972206,0.043508058273563785,18.181961223963334,13063,0.983678551998543,0.9819768023379225,20,54.484049986540235,8.384740341169138e-4,Insecticide.PRM,1360106,Water Level
Rel.Month2,-0.3093656449715651,1.1938415331771615,-0.25913459732654187,0.7988410478137923,-2.840523737601457,2.2217924476583266,1.3476909273865227,15.974599023618008,13063,0.9936089487911255,0.9928559352795862,20,138.97633548063163,0.010182132582946542,Insecticide.PRM,1360106,Water Level
Rel.Month3,-0.5523174687253822,1.0139140234946868,-0.5447379717874832,0.5929968351741934,-2.6912166014584313,1.586581664007667,0.96866570516587,17.02847600124251,13063,0.9904360536194424,0.9893750713844605,20,93.1182793960097,0.01092265661502062,Insecticide.PRM,1360106,Water Level
Rel.Month4,-0.8711652850758999,1.0190722797400689,-0.8548611343820527,0.40463159051550224,-3.0228499604477355,1.280519390295936,0.9793527821203206,16.83258676126463,13063,0.991179173944,0.9901898810080857,20,100.93556274130981,0.010187890108284667,Insecticide.PRM,1360106,Water Level
Rel.Month5,-0.3417295687514635,1.5922123299984334,-0.21462562644003624,0.833074201822195,-3.7483541406741714,3.064895003171244,2.403793685012447,14.374649094705294,13063,0.9961057457342909,0.9955991645119526,20,226.2295800913201,0.011156734535971094,Insecticide.PRM,1360106,Water Level
Rel.Month6,0.07848392702687684,1.9128267762021385,0.04103033688325107,0.967899124296488,-4.0566204178024305,4.213588271856184,3.474045259578149,12.917229599004504,13063,0.9973334502025095,0.996950248965723,20,326.89561795724325,0.011158753198809072,Insecticide.PRM,1360106,Water Level
Sampling.Year2022-2023,0.36534669530318714,2.675540220706581,0.13655062722499575,0.891579913780834,-4.923809093219487,5.654502483825861,2.47572454151381,141.63087828750213,13063,0.3719422119784994,0.3631354543456182,20,0.5701926050420889,4.559004704029118,Insecticide.PRM,1360106,Water Level
Sampling.Year2023-2024,-0.8536777210332254,2.285713412565145,-0.37348414562400645,0.7088626647504708,-5.338703910556601,3.6313484684901507,0.6336802809464269,1062.2651440871828,13063,0.12899334398637533,0.12735498188853495,20,0.14594133839685494,4.559121509386452,Insecticide.PRM,1360106,Water Level
(Intercept),-0.06261536754883375,0.045047281458553017,-1.3899921487258833,0.17351683995848124,-0.15414419383785866,0.028913458740191175,0.0014334872097051725,34.185193436543024,13063,0.7556211784616812,0.7417301750213244,20,2.8719196099759876,5.24095996615663e-4,PSII.PRM,1360106,Water Level
WaterLevel_m,0.024617565005302215,0.014348304411980562,1.7157124841000038,0.105222088330543,-0.005762313106978601,0.054997443117583034,1.9453078722788352e-4,16.244520126123152,13063,0.9929640614060332,0.9921480411813466,20,126.35675556834997,1.6165129095831295e-6,PSII.PRM,1360106,Water Level
Rel.Month2,0.028039954101665696,0.017000993063459945,1.6493127193805917,0.11372530247790857,-0.007280923413707285,0.06336083161703868,2.5657466971744803e-4,21.34358370095815,13063,0.9376626917492149,0.9320828072432114,20,13.723812328065398,1.9630361940492768e-5,PSII.PRM,1360106,Water Level
Rel.Month3,0.03300801641626938,0.04771820908708969,0.6917278969130425,0.4986227598027878,-0.06781456196888852,0.13383059480142728,0.0021485423272728757,16.682924604360874,13063,0.9916916643253204,0.9907519627928453,20,107.13105284939253,2.1058034842689512e-5,PSII.PRM,1360106,Water Level
Rel.Month4,0.011051967021361917,0.010923064113179148,1.011800984306889,0.32065294868193106,-0.011364767972115128,0.03346870201483896,9.492558820743304e-5,26.88571200341181,13063,0.8463958404566705,0.8353791477844851,20,5.074564592162606,1.964146200281746e-5,PSII.PRM,1360106,Water Level
Rel.Month5,0.027262839766952023,0.01650666586657758,1.6516260756300496,0.11286556778977776,-0.006977105792793325,0.06150278532669737,2.390101896291082e-4,21.920323715922883,13063,0.9273935829296484,0.9210580339234263,20,11.667533502142579,2.1509318920273786e-5,PSII.PRM,1360106,Water Level
Rel.Month6,0.03015533318556469,0.0191872521154354,1.5716337599642993,0.13109092045021273,-0.009764675090196125,0.0700753414613255,3.3013088856725047e-4,20.846199168699012,13063,0.946465174771244,0.9415641093899982,20,16.112770757169592,2.1513210745667193e-5,PSII.PRM,1360106,Water Level
Sampling.Year2022-2023,0.009230594529017479,0.0386616356308646,0.23875333721391892,0.8115764831708145,-0.06707300141805288,0.08553419047608783,4.6459966949439574e-4,174.83214754218847,13063,0.3339441756760848,0.3263681341656539,20,0.48449034364106475,0.0010068924166846238,PSII.PRM,1360106,Water Level
Sampling.Year2023-2024,0.006880822386100435,0.03195896708540875,0.21530177642199072,0.8295359043421044,-0.05576426725631782,0.0695259120285187,1.3579017899896194e-5,11376.040867551768,13063,0.014132883004886984,0.013959574825990152,20,0.014157203365700408,0.0010071176083713488,PSII.PRM,1360106,Water Level
(Intercept),4.04843535653119,2.620928199276542,1.5446571018804272,0.12890749425569484,-1.219425795942283,9.316296509004662,4.067484907176556,48.66808315948422,13063,0.6363766823445451,0.6217345502337543,20,1.643646150125431,2.5984054732275945,Total.PRM,1360106,Water Level
WaterLevel_m,0.8302165068336868,0.3220030433085191,2.578287764933438,0.01967069088229158,0.15020563271672904,1.5102273809506443,0.09779560301920788,16.791285969219928,13063,0.9913251140841366,0.9903499303980475,20,102.62619558699072,0.001000576729779751,Total.PRM,1360106,Water Level
Rel.Month2,1.5395126716144851,1.6201862402402698,0.9502072251805934,0.3575153334843243,-1.9229661650521592,5.0019915082811295,2.488431240559597,14.558972907149345,13063,0.995898417372146,0.9953711868599098,20,215.03810085547988,0.012150650476324614,Total.PRM,1360106,Water Level
Rel.Month3,-0.0660217779582746,1.4999261864054703,-0.044016684658659024,0.9654594041799835,-3.25708484515221,3.1250412892356603,2.130232594470804,15.328323193756622,13063,0.9948385926017965,0.9942063896086346,20,171.60394338742395,0.013034340470513132,Total.PRM,1360106,Water Level
Rel.Month4,-0.9676530018366828,1.373520933835615,-0.7045054632945936,0.49145998034028127,-3.8844552079517642,1.9491492042783989,1.78514498531154,15.665065259215908,13063,0.9942462369564008,0.993555719043137,20,154.17635042510392,0.012157521107542806,Total.PRM,1360106,Water Level
Rel.Month5,1.4177805554199359,3.5431080232451193,0.40015165953687065,0.6994936934141182,-6.749375878496561,9.584936989336434,11.94314361101472,8.018416856859371,13063,0.9991319590770746,0.9989394550186123,20,941.9114441628685,0.013313672818478972,Total.PRM,1360106,Water Level
Rel.Month6,-0.1984024639445185,1.8062456951170878,-0.10984245636176161,0.9140832307094537,-4.070038634346428,3.673233706457391,3.0944832660746457,14.092161382832712,13063,0.9963960624362539,0.9959184717887213,20,244.00626927842086,0.013316081750632822,Total.PRM,1360106,Water Level
Sampling.Year2022-2023,-0.8913673080014616,3.596705498692631,-0.24782882788859564,0.805239030816951,-8.10800685673031,6.3252722407273865,7.395278849689507,52.20607204708167,13063,0.6147346694037794,0.600252663280294,20,1.5015801436125087,5.171247652151823,Total.PRM,1360106,Water Level
Sampling.Year2023-2024,-2.356763412069358,2.7850556785150045,-0.8462177005114625,0.398636798578601,-7.855037827170602,3.1415110030318854,2.4620458027344605,167.75297615503104,13063,0.3410955545667901,0.3332864544199827,20,0.49989452986144944,5.171387039557488,Total.PRM,1360106,Water Level
(Intercept),17.104506654024117,3.2478405648923734,5.2664243555905355,1.9889242316458307e-5,10.408657801958464,23.800355506089772,8.779140940124515,24.50937977312243,13049,0.8830494540561795,0.8738802349701833,20,6.928971321533809,1.33037034782967,OtherHerb.PRM,1370040,Water Level
WaterLevel_m,-3.267131894502578,1.5025330892791844,-2.1744159365368323,0.04481066329740135,-6.4489408320343555,-0.08532295697080006,2.1333826702045067,16.214357353330126,13049,0.9930338952232346,0.9922245586173091,20,127.61006221796181,0.017553880664117665,OtherHerb.PRM,1370040,Water Level
Rel.Month2,-7.787031082806583,1.4070992508478828,-5.534102216396116,4.194396595556973e-5,-10.764803016304441,-4.809259149308724,1.8702626821189368,16.347511507091347,13049,0.9926852082374861,0.9918418836189062,20,121.5773148220179,0.016152485511789244,OtherHerb.PRM,1370040,Water Level
Rel.Month3,-9.440211679956091,1.623693937671771,-5.814033951184479,2.9354117394037657e-5,-12.889899794698936,-5.9905235652132465,2.495095790069225,15.57708437175278,13049,0.9944045823051599,0.9937295036762094,20,158.4770092131207,0.01653142365937445,OtherHerb.PRM,1370040,Water Level
Rel.Month4,-8.1664639940685,1.3656136810854669,-5.980068966193524,1.6964060635693558e-5,-11.054515628358976,-5.2784123597780255,1.7608450333799264,16.485963262825088,13049,0.9922945744971147,0.991413247527926,20,115.45846357539911,0.016013440918876628,OtherHerb.PRM,1370040,Water Level
Rel.Month5,-8.619305028097441,1.448114754225932,-5.952087017236947,1.944484821942141e-5,-11.686661516250084,-5.551948539944799,1.981930583946733,16.162702671307922,13049,0.9931625626853696,0.9923657840607467,20,129.98922115344254,0.016009228262761674,OtherHerb.PRM,1370040,Water Level
Rel.Month6,-8.756280272013255,1.6060944839218758,-5.451908564327764,5.8269754676160364e-5,-12.168257213990167,-5.344303330036343,2.4412130956807716,15.594543947987683,13049,0.9943725524332515,0.9936943237835959,20,157.5872737008772,0.01626574081946658,OtherHerb.PRM,1370040,Water Level
Sampling.Year2022-2023,-1.5639455644077396,1.9939351172314934,-0.7843512814896512,0.4340203027845656,-5.502460159222326,2.374569030406847,1.3075710741144841,156.40913299187423,13049,0.35354233395405105,0.3453286089463754,20,0.5274838852979438,2.602827623908761,OtherHerb.PRM,1370040,Water Level
Sampling.Year2023-2024,-1.901391254746823,2.017906967905365,-0.9422591254147419,0.3476427684166129,-5.8900360476304545,2.0872535381368085,1.3985608016371025,143.57437788211416,13049,0.3693595109299665,0.36063541336429333,20,0.5640528438741541,2.6034596894020665,OtherHerb.PRM,1370040,Water Level
(Intercept),1.1929126706604816,0.7640273251302515,1.561348176201831,0.12144985202044617,-0.3220075279222523,2.7078328692432154,0.2348029459485241,105.02885524398015,13049,0.43304680803035783,0.422352489192999,20,0.7311595415739826,0.3371946602997368,Fungicide.PRM,1370040,Water Level
WaterLevel_m,-0.25518055722208505,0.21195851697357626,-1.2039174498182446,0.2453484388632237,-0.7028588115193604,0.19249769707519027,0.04237858287631336,16.761663396635132,13049,0.9914194456113755,0.9904532574569203,20,103.74777082208892,4.289008975087788e-4,Fungicide.PRM,1370040,Water Level
Rel.Month2,0.3284100056231961,0.29123980253222426,1.1276274834956983,0.27770035030690327,-0.29393738702369177,0.950757398270084,0.08040567859295744,14.573913746633199,13049,0.9958766424803781,0.9953471214381143,20,213.9207177233364,3.946600564036691e-4,Fungicide.PRM,1370040,Water Level
Rel.Month3,-0.08642562890749472,0.2502968017274497,-0.34529258189085577,0.7344678326526122,-0.617959308187165,0.4451080503721756,0.05928054300304851,15.66342082316769,13049,0.9942435281869063,0.9935526170139628,20,154.10169043248248,4.039188017893453e-4,Fungicide.PRM,1370040,Water Level
Rel.Month4,-0.21438618119763275,0.17234313575248997,-1.2439496372256031,0.22990351445200005,-0.5771756709759688,0.14840330858070327,0.02791513687241775,17.521553779997785,13049,0.9881109358337142,0.9868271273252591,20,74.91358579799441,3.912627249625441e-4,Fungicide.PRM,1370040,Water Level
Rel.Month5,0.039433744965069656,0.3425375698786623,0.1151223936663016,0.9100699617190204,-0.6989622210833191,0.7778297110134584,0.1113722161741973,13.285169425914317,13049,0.9970756395606295,0.9966662134835308,20,298.95921906214653,3.91159795472298e-4,Fungicide.PRM,1370040,Water Level
Rel.Month6,0.06256176393621934,0.26671678787608144,0.23456252766993427,0.8176774924449488,-0.5052622653755482,0.6303857932479869,0.06737182634940858,15.205781631208206,13049,0.9950270097216453,0.9944132793393009,20,177.99588340521595,3.974272680556052e-4,Fungicide.PRM,1370040,Water Level
Sampling.Year2022-2023,-0.8736796752676078,0.8692877172837367,-1.005052364017744,0.3150457882133417,-2.5789305807180662,0.8315712301828505,0.07874935978177171,1396.1728769304896,13049,0.11069616266633954,0.10942315794084356,20,0.12286773333094951,0.6729743076495094,Fungicide.PRM,1370040,Water Level
Sampling.Year2023-2024,-0.9076032316154212,0.875184902089735,-1.0370416919307897,0.2999326496069414,-2.6247265763765877,0.8095201131457452,0.08853224924261531,1159.4745399971268,13049,0.12287602237871229,0.12136435805969423,20,0.1381281981592316,0.6729897511410728,Fungicide.PRM,1370040,Water Level
(Intercept),33.78533673646201,7.607859462664133,4.440846587961419,1.4363278264211365e-5,18.78933033774122,48.781343135182794,16.239641085177244,213.82708030149024,13049,0.30111195771330307,0.29460544055256266,20,0.41764631808804775,40.82790246421208,Insecticide.PRM,1370040,Water Level
WaterLevel_m,2.4286711449023004,2.5530585431013404,0.9512790654428395,0.3551516777897523,-2.9690518529204093,7.82639414272501,6.153165798836085,16.547579642483832,13049,0.9921107671483845,0.9912115852654866,20,112.78616396798573,0.057283835724848214,Insecticide.PRM,1370040,Water Level
Rel.Month2,-8.7475497618353,3.591236501460135,-2.4358044250994597,0.028718609873347612,-16.445203878840918,-1.0498956448296815,12.232637111437134,14.093320489769821,13049,0.9963911514689163,0.9959129467513356,20,243.67506028377832,0.052710642410638386,Insecticide.PRM,1370040,Water Level
Rel.Month3,-18.67352664751757,3.9960123058873216,-4.673040325728196,4.0737457420273924e-4,-27.284082918067973,-10.062970376967165,15.156349630465106,13.3398464657651,13049,0.9970350859986139,0.9966215649740389,20,294.9950368486102,0.05394723681454825,Insecticide.PRM,1370040,Water Level
Rel.Month4,-13.102241556631562,3.308459909161367,-3.960223764643633,0.001308586718067761,-20.168068794564952,-6.036414318698172,10.374904832735988,14.666032496553319,13049,0.995766380175054,0.9952258961915211,20,208.46339671625978,0.05225689615525248,Insecticide.PRM,1370040,Water Level
Rel.Month5,-7.743273575388017,3.8511000037043366,-2.0106654119445966,0.06475817049851286,-16.031263412521465,0.5447162617454318,14.0749791329511,13.509868409713084,13049,0.9969041521012064,0.9964774290171127,20,282.8835625621193,0.0522431489328877,Insecticide.PRM,1370040,Water Level
Rel.Month6,-16.67554970350327,4.89061238321531,-3.4097058602996473,0.005481304434134339,-27.382583250671004,-5.968516156335534,22.728580240709444,11.502832968339503,13049,0.9980867932928575,0.9977807495806865,20,449.60259594739074,0.053080230114012576,Insecticide.PRM,1370040,Water Level
Sampling.Year2022-2023,-2.3026786299490936,9.558985255099218,-0.24089153487507842,0.8096739828146575,-21.053939448749688,16.448582188851503,9.435602622501163,1419.003717428092,13049,0.10968044771639955,0.10842647979877165,20,0.12161249447415146,81.46681635357804,Insecticide.PRM,1370040,Water Level
Sampling.Year2023-2024,-11.09902232937852,9.653071916521153,-1.1497917373207005,0.25048237146382807,-30.03976957704999,7.84172491829295,11.155160423537914,1087.8250421117875,13049,0.12730264807263098,0.12569964057707453,20,0.14377169038343016,81.46887898081455,Insecticide.PRM,1370040,Water Level
(Intercept),-0.41633077134079793,0.25680460829109786,-1.6211966526273198,0.11181499955409295,-0.9332597581352935,0.10059821545369757,0.04017966948809887,45.973235954135404,13049,0.6544334909024515,0.6397201545917507,20,1.7756201540134864,0.023759953877040402,PSII.PRM,1370040,Water Level
WaterLevel_m,0.5231010500297034,0.20101335725023592,2.6023198517027377,0.01864400554311907,0.09883551693947062,0.9473665831199363,0.03809179315973157,16.913949159711766,13049,0.9908724510815461,0.9898534073366883,20,97.55525230807925,4.099869752928286e-4,PSII.PRM,1370040,Water Level
Rel.Month2,0.3850618094807132,0.312914260244084,1.230566511031973,0.23895297578453803,-0.28668248644007543,1.0568061054015019,0.09289340776886679,13.8657883150308,13049,0.9966040063704911,0.996147119247179,20,258.54605505707275,3.772561067921886e-4,PSII.PRM,1370040,Water Level
Rel.Month3,0.10001039911443045,0.15139271853275907,0.6606024390320313,0.5172134945229357,-0.21799953091013652,0.4180203291389974,0.021460617781068187,18.04303494644889,13049,0.984755085706246,0.9831539843758517,20,58.361217649977675,3.861065546176146e-4,PSII.PRM,1370040,Water Level
Rel.Month4,-0.09464947470008649,0.09595741577596341,-0.9863695675284687,0.33581197105617877,-0.2948977958215745,0.10559884642140153,0.008413159094804223,19.86896586471557,13049,0.962933729080489,0.9593814427659877,20,23.61928901705654,3.74008592856675e-4,PSII.PRM,1370040,Water Level
Rel.Month5,-0.11507019691983437,0.1081983378485485,-1.063511687960538,0.3006535543665736,-0.3412676016673746,0.11112720782770581,0.010793304867407098,19.333771119647835,13049,0.9709208299796108,0.9680606453292298,20,30.309336406698343,3.739102024111908e-4,PSII.PRM,1370040,Water Level
Rel.Month6,-0.0497661267939505,0.0752078958376324,-0.6617141224292651,0.5152487236244147,-0.2060338463161889,0.10650159272828788,0.005025072674281198,21.303723504784752,13049,0.9383620130087744,0.9328348653127403,20,13.888677059255373,3.7990128832890744e-4,PSII.PRM,1370040,Water Level
Sampling.Year2022-2023,0.09692849310100776,0.2735157428541918,0.35437994204479584,0.7236393439712664,-0.4442871994551382,0.6381441856571537,0.02727958734956929,127.55382919775371,13049,0.3923336680242273,0.38287978655266097,20,0.62042982584192,0.04616729487203261,PSII.PRM,1370040,Water Level
Sampling.Year2023-2024,0.04110882458076648,0.24334964280457186,0.16892905248182333,0.8659429280903104,-0.43738184169007865,0.5195994908516116,0.012416182201989258,377.4875638375277,13049,0.22424783254339786,0.22014861110747452,20,0.2822955940619785,0.046182057341023985,PSII.PRM,1370040,Water Level
(Intercept),45.19905718371456,6.1170336854801395,7.389048272041154,2.9458628123647246e-11,33.07777639533766,57.32033797209146,14.63527396299385,111.0247824737049,13049,0.4210212136619561,0.4106845939684709,20,0.6968841977745595,22.051063448155194,Total.PRM,1370040,Water Level
WaterLevel_m,-0.1625830286992625,2.153826927187137,-0.07548565144535234,0.940652416232538,-4.684255253795361,4.359089196396837,4.338141687785386,18.187995015993494,13049,0.9836170465697923,0.9819094212116918,20,54.2773911604362,0.08392166010172787,Total.PRM,1370040,Water Level
Rel.Month2,-11.091473359206645,5.55351492329723,-1.99719880335199,0.0688929149000389,-23.18585316247909,1.0029064440658004,29.299339179533504,12.05111550523543,13049,0.9978288824242812,0.9974961725383181,20,398.38854226331875,0.07722186477485644,Total.PRM,1370040,Water Level
Rel.Month3,-27.170880255842757,4.905911264719969,-5.538396189763469,8.995886849250203e-5,-37.751338380356955,-16.59042213132856,22.846601755790463,13.22272384232841,13049,0.9971210719870829,0.9967162370138621,20,303.52867768514835,0.07903349372629564,Total.PRM,1370040,Water Level
Rel.Month4,-18.24940604113348,3.767150054909991,-4.844353363983403,2.1092820995822058e-4,-26.27477019526368,-10.224041887003278,13.44272611081652,15.089067679739106,13049,0.9952018431335022,0.994605393797592,20,184.3703426125214,0.07655711985100333,Total.PRM,1370040,Water Level
Rel.Month5,-13.718555276972559,5.970649253514208,-2.2976655794841885,0.041523034054636546,-26.8105842504579,-0.6265263034872195,33.87820526525837,11.350062698053033,13049,0.9981522484853775,0.9978530189899818,20,464.7703050626792,0.07653697996846855,Total.PRM,1370040,Water Level
Rel.Month6,-23.62460588479463,5.747752782865618,-4.110233473370835,0.0015034616021399334,-36.174816344762355,-11.074395424826905,31.389427368337767,11.77217499951085,13049,0.9979648377966975,0.9976461509319499,20,423.8360753343983,0.07776331618480266,Total.PRM,1370040,Water Level
Sampling.Year2022-2023,-3.0979323410825166,7.333563904784864,-0.42243203731561363,0.6728820047031384,-17.50454260250346,11.308677920338427,9.481813033475495,526.9570576472843,13049,0.18819407196232998,0.18511879939506745,20,0.2271727452512627,43.825255860414146,Total.PRM,1370040,Water Level
Sampling.Year2023-2024,-10.397682248022111,7.1989840129852825,-1.4443263423376307,0.1490681047393973,-24.53041851951402,3.7350540234697966,7.616279216839137,744.1323547062568,13049,0.156572293607192,0.15430846034034829,20,0.18246423560350344,43.82827764153659,Total.PRM,1370040,Water Level
